job_id,config,project,initial_numPass,is_success,max_numPass,final_fitness,final_iteration,optimal_iteration,first_improvement_iteration,convergence_90_iteration,total_evaluations,actual_executions,predictions,duration_seconds,prediction_rate,time_to_first_improvement_sec
1,FI-00,FruitCatching-1,1,False,6,15.993944597574226,112,,7.0,7,5424,5424,0,12077.0,0.0,754.8125
2,FI-00,FruitCatching-10,2,False,9,20.32777777777778,184,,1.0,15,8880,8880,0,12077.0,0.0,65.63586956521739
3,FI-00,FruitCatching-11,12,False,15,23.586482378185732,84,,7.0,2,4080,4080,0,12211.0,0.0,1017.5833333333333
4,FI-00,FruitCatching-12,0,False,3,14.37235112906178,183,,1.0,0,8832,8832,0,12113.0,0.0,66.19125683060109
5,FI-00,FruitCatching-13,1,False,8,17.09285714285714,170,,11.0,11,8208,8208,0,12065.0,0.0,780.6764705882354
6,FI-00,FruitCatching-14,22,False,23,26.107142857142858,72,,9.0,0,3504,3504,0,12177.0,0.0,1522.125
7,FI-00,FruitCatching-15,21,False,24,26.667588325652844,79,,2.0,0,3840,3840,0,12089.0,0.0,306.0506329113924
8,FI-00,FruitCatching-16,7,False,27,27.6,132,,1.0,0,6384,6384,0,12076.0,0.0,91.48484848484848
9,FI-00,FruitCatching-17,3,False,19,24.28123121302021,117,,1.0,19,5664,5664,0,12131.0,0.0,103.6837606837607
10,FI-00,FruitCatching-18,9,False,19,25.322227146487037,67,,1.0,23,3264,3264,0,12057.0,0.0,179.955223880597
11,FI-00,FruitCatching-19,18,False,21,25.867033020599404,80,,3.0,0,3888,3888,0,12076.0,0.0,452.84999999999997
12,FI-00,FruitCatching-2,12,False,17,23.61244010182689,65,,1.0,0,3168,3168,0,12199.0,0.0,187.6769230769231
13,FI-00,FruitCatching-20,20,False,21,25.348809523809525,67,,32.0,0,3264,3264,0,12102.0,0.0,5780.059701492537
14,FI-00,FruitCatching-21,18,False,22,26.05436507936508,74,,1.0,0,3600,3600,0,12190.0,0.0,164.72972972972974
15,FI-00,FruitCatching-22,5,False,18,24.78158715098943,163,,1.0,18,7872,7872,0,12073.0,0.0,74.06748466257669
16,FI-00,FruitCatching-23,5,False,16,23.54741179300003,99,,1.0,9,4800,4800,0,12097.0,0.0,122.1919191919192
17,FI-00,FruitCatching-24,17,False,19,24.65803908125564,72,,19.0,0,3504,3504,0,12083.0,0.0,3188.5694444444443
18,FI-00,FruitCatching-25,2,False,18,24.3750955858154,130,,1.0,27,6288,6288,0,12105.0,0.0,93.11538461538463
19,FI-00,FruitCatching-26,16,False,20,24.63409608780184,79,,1.0,0,3840,3840,0,12120.0,0.0,153.41772151898735
20,FI-00,FruitCatching-27,17,False,18,23.89919309620658,68,,6.0,0,3312,3312,0,12136.0,0.0,1070.8235294117649
22,FI-00,FruitCatching-29,21,False,21,25.6189393939394,69,,,0,3360,3360,0,12280.0,0.0,
23,FI-00,FruitCatching-3,12,False,18,24.494569793593254,87,,1.0,0,4224,4224,0,12215.0,0.0,140.4022988505747
24,FI-00,FruitCatching-30,13,False,19,24.563498119763405,106,,1.0,1,5136,5136,0,12146.0,0.0,114.58490566037736
25,FI-00,FruitCatching-31,15,False,18,24.426243534205984,73,,1.0,0,3552,3552,0,12176.0,0.0,166.79452054794518
26,FI-00,FruitCatching-32,22,False,24,25.96170594178808,88,,1.0,0,4272,4272,0,12087.0,0.0,137.35227272727272
27,FI-00,FruitCatching-33,17,False,21,25.36380178087495,54,,1.0,0,2640,2640,0,12085.0,0.0,223.79629629629628
28,FI-00,FruitCatching-34,24,False,24,26.244353369763207,86,,,0,4176,4176,0,12148.0,0.0,
29,FI-00,FruitCatching-35,23,False,23,25.902380952380955,82,,,0,3984,3984,0,12160.0,0.0,
30,FI-00,FruitCatching-36,4,False,15,23.498378745437574,111,,1.0,27,5376,5376,0,12229.0,0.0,110.17117117117117
31,FI-00,FruitCatching-37,17,False,22,25.485329465363098,191,,1.0,0,9216,9216,0,12103.0,0.0,63.36649214659686
32,FI-00,FruitCatching-38,17,False,20,24.56393298059965,55,,1.0,0,2688,2688,0,12196.0,0.0,221.74545454545452
33,FI-00,FruitCatching-39,0,False,18,24.043729575163404,97,,1.0,0,4704,4704,0,12102.0,0.0,124.76288659793815
34,FI-00,FruitCatching-4,20,False,21,25.123809523809527,64,,1.0,0,3120,3120,0,12104.0,0.0,189.125
35,FI-00,FruitCatching-40,20,False,23,25.72885308538719,78,,1.0,0,3792,3792,0,12122.0,0.0,155.4102564102564
36,FI-00,FruitCatching-41,16,False,17,24.10580472499077,39,,1.0,0,1920,1920,0,12073.0,0.0,309.56410256410254
37,FI-00,FruitCatching-5,1,False,6,16.345505680310016,171,,85.0,89,8256,8256,0,12086.0,0.0,6007.66081871345
38,FI-00,FruitCatching-6,19,False,21,26.29236307171089,122,,1.0,0,5904,5904,0,12144.0,0.0,99.54098360655738
39,FI-00,FruitCatching-7,5,False,15,24.03580526519551,122,,1.0,31,5904,5904,0,12076.0,0.0,98.98360655737706
40,FI-00,FruitCatching-8,2,False,9,17.928711484593837,118,,7.0,7,5712,5712,0,12072.0,0.0,716.135593220339
41,FI-00,FruitCatching-9,8,False,17,24.531467857724135,105,,9.0,54,5088,5088,0,12192.0,0.0,1045.0285714285715
42,FI-50,FruitCatching-1,1,False,6,22.976981569309448,543,,12.0,63,26112,12497,13615,12057.0,52.1407781862745,266.45303867403317
43,FI-50,FruitCatching-10,2,False,3,27.90528942490481,334,,2.0,62,16080,7692,8388,12108.0,52.16417910447761,72.50299401197606
44,FI-50,FruitCatching-11,12,False,13,28.69073874180335,150,,3.0,22,7248,3500,3748,12171.0,51.71081677704195,243.42000000000002
45,FI-50,FruitCatching-12,0,False,2,20.29334220165706,262,,12.0,48,12624,6102,6522,12117.0,51.663498098859314,554.9770992366413
46,FI-50,FruitCatching-13,1,False,9,16.735714285714284,177,,14.0,7,8544,4341,4203,12128.0,49.19241573033708,959.2768361581922
47,FI-50,FruitCatching-14,22,False,22,25.977272727272727,100,,,0,4848,2534,2314,8735.0,47.73102310231023,
48,FI-50,FruitCatching-15,21,False,23,26.55035460992908,131,,3.0,0,6336,3286,3050,12089.0,48.13762626262626,276.8473282442748
49,FI-50,FruitCatching-16,7,False,25,27.1,100,,1.0,0,4848,2569,2279,4743.0,47.009075907590756,47.43
50,FI-50,FruitCatching-17,3,False,11,24.96147614271449,177,,3.0,3,8544,4090,4454,12094.0,52.13014981273408,204.98305084745763
51,FI-50,FruitCatching-18,9,False,21,25.73272098609408,111,,1.0,1,5376,2752,2624,12084.0,48.80952380952381,108.86486486486487
52,FI-50,FruitCatching-19,18,False,20,25.523552412929654,120,,8.0,0,5808,3009,2799,12123.0,48.192148760330575,808.2
53,FI-50,FruitCatching-2,12,False,18,23.97302600285397,127,,1.0,0,6144,3079,3065,12073.0,49.88606770833333,95.06299212598425
54,FI-50,FruitCatching-20,20,False,20,25.37219887955182,89,,,0,4320,2248,2072,12152.0,47.96296296296296,
55,FI-50,FruitCatching-21,18,False,23,26.248809523809523,108,,1.0,0,5232,2672,2560,12174.0,48.92966360856269,112.72222222222221
56,FI-50,FruitCatching-22,5,False,13,27.044126374286403,190,,1.0,14,9168,4425,4743,12157.0,51.73429319371727,63.984210526315785
57,FI-50,FruitCatching-23,5,False,11,23.77522599849501,95,,1.0,18,4608,2247,2361,12184.0,51.236979166666664,128.25263157894736
58,FI-50,FruitCatching-24,17,False,18,24.518999245315584,86,,2.0,0,4176,2210,1966,12202.0,47.07854406130268,283.7674418604651
59,FI-50,FruitCatching-25,2,False,13,26.925477392685814,150,,1.0,28,7248,3481,3767,12146.0,51.97295805739515,80.97333333333334
60,FI-50,FruitCatching-26,16,False,17,25.670471415465087,132,,1.0,0,6384,3199,3185,12199.0,49.890350877192986,92.41666666666667
61,FI-50,FruitCatching-27,17,False,19,24.109069639416457,93,,2.0,0,4512,2440,2072,12231.0,45.92198581560284,263.03225806451616
62,FI-50,FruitCatching-28,26,False,26,27.433333333333334,80,,,0,3888,1991,1897,12194.0,48.791152263374485,
63,FI-50,FruitCatching-29,21,False,21,25.80227272727273,141,,,0,6816,3568,3248,12079.0,47.652582159624416,
64,FI-50,FruitCatching-3,12,False,17,25.18575930678089,139,,1.0,0,6720,3330,3390,12151.0,50.44642857142857,87.41726618705036
65,FI-50,FruitCatching-30,13,False,21,24.969116994116995,182,,1.0,1,8784,4547,4237,12086.0,48.23542805100182,66.40659340659342
66,FI-50,FruitCatching-31,15,False,16,25.11365028398132,75,,1.0,0,3648,1798,1850,12324.0,50.71271929824561,164.32000000000002
67,FI-50,FruitCatching-32,22,False,23,25.835162731911534,110,,1.0,0,5328,2715,2613,12195.0,49.042792792792795,110.86363636363636
68,FI-50,FruitCatching-33,17,False,19,24.99567901234568,105,,2.0,0,5088,2704,2384,12078.0,46.855345911949684,230.05714285714288
69,FI-50,FruitCatching-34,24,False,24,26.228921270997773,100,,,0,4848,2514,2334,11156.0,48.14356435643564,
70,FI-50,FruitCatching-35,23,False,23,26.152380952380955,101,,,0,4896,2565,2331,11823.0,47.61029411764706,
71,FI-50,FruitCatching-36,4,False,10,26.984828473661228,132,,1.0,32,6384,2991,3393,12118.0,53.1484962406015,91.80303030303031
72,FI-50,FruitCatching-37,17,False,21,25.12726503030591,135,,5.0,0,6528,3418,3110,12150.0,47.64093137254902,450.0
73,FI-50,FruitCatching-38,17,False,18,26.21310459796637,108,,1.0,0,5232,2564,2668,12174.0,50.99388379204893,112.72222222222221
74,FI-50,FruitCatching-39,14,False,15,23.89261826627249,132,,1.0,0,6384,3086,3298,12123.0,51.66040100250626,91.8409090909091
75,FI-50,FruitCatching-4,20,False,23,26.58232967805938,111,,1.0,0,5376,2734,2642,12194.0,49.14434523809524,109.85585585585585
76,FI-50,FruitCatching-40,0,False,21,25.188315696649035,83,,1.0,0,4032,2186,1846,12106.0,45.78373015873016,145.855421686747
77,FI-50,FruitCatching-41,16,False,18,24.052028218694883,54,,4.0,0,2640,1355,1285,12199.0,48.67424242424242,903.6296296296296
78,FI-50,FruitCatching-5,1,False,7,24.314584909959493,155,,33.0,118,7488,3657,3831,12162.0,51.16185897435898,2589.329032258064
79,FI-50,FruitCatching-6,19,False,20,25.861648231723123,113,,1.0,0,5472,2776,2696,12128.0,49.26900584795322,107.32743362831859
80,FI-50,FruitCatching-7,5,False,14,26.07445821546944,139,,1.0,9,6720,3248,3472,12182.0,51.66666666666667,87.64028776978418
81,FI-50,FruitCatching-8,2,False,7,25.44857759117733,223,,39.0,41,10752,5161,5591,12128.0,51.999627976190474,2121.040358744395
82,FI-50,FruitCatching-9,8,False,12,24.824917423945408,140,,5.0,10,6768,3233,3535,12103.0,52.231087470449175,432.25
83,FI-70,FruitCatching-1,1,False,5,27.535621013599247,375,,10.0,69,18048,5137,12911,12038.0,71.53701241134752,321.0133333333334
84,FI-70,FruitCatching-10,2,False,3,28.03023782353896,321,,1.0,19,15456,4438,11018,12122.0,71.28623188405797,37.76323987538941
85,FI-70,FruitCatching-11,12,False,12,26.5342146135041,136,,,13,6576,1931,4645,12196.0,70.63564476885644,
86,FI-70,FruitCatching-12,0,False,2,19.34978437613392,389,,11.0,9,18720,5438,13282,5394.0,70.9508547008547,152.52956298200513
87,FI-70,FruitCatching-13,1,False,6,25.280400761843637,330,,84.0,128,15888,4550,11338,4459.0,71.36203423967774,1135.0181818181818
88,FI-70,FruitCatching-14,22,False,24,26.48838383838384,155,,4.0,0,7488,2514,4974,9609.0,66.42628205128204,247.9741935483871
89,FI-70,FruitCatching-15,21,False,21,28.89300373528117,136,,,13,6576,2028,4548,12183.0,69.16058394160584,
90,FI-70,FruitCatching-16,7,False,25,27.1,100,,1.0,0,4848,1641,3207,6070.0,66.1509900990099,60.7
91,FI-70,FruitCatching-17,3,False,9,24.857938992488464,218,,9.0,5,10512,3080,7432,12155.0,70.70015220700152,501.8119266055046
92,FI-70,FruitCatching-18,9,False,15,29.054457016668827,143,,1.0,25,6912,1980,4932,12106.0,71.35416666666666,84.65734265734265
93,FI-70,FruitCatching-19,18,False,19,24.947572020772792,100,,1.0,0,4848,1556,3292,8735.0,67.9042904290429,87.35000000000001
94,FI-70,FruitCatching-2,12,False,15,25.926324414141234,172,,1.0,63,8304,2470,5834,12208.0,70.2552986512524,70.97674418604652
95,FI-70,FruitCatching-20,20,False,21,25.638025210084034,115,,98.0,0,5568,1850,3718,12133.0,66.77442528735632,10339.42608695652
96,FI-70,FruitCatching-21,18,False,22,26.05436507936508,144,,1.0,0,6960,2293,4667,12204.0,67.05459770114942,84.75
97,FI-70,FruitCatching-22,5,False,15,30.55515054288376,211,,1.0,66,10176,2924,7252,12116.0,71.26572327044025,57.421800947867304
98,FI-70,FruitCatching-23,5,False,11,27.93043849753917,135,,1.0,58,6528,1909,4619,12128.0,70.75674019607843,89.83703703703704
99,FI-70,FruitCatching-24,17,False,18,24.690747860782647,124,,1.0,0,6000,1933,4067,12128.0,67.78333333333333,97.80645161290322
100,FI-70,FruitCatching-25,2,False,9,28.28149077762941,201,,1.0,32,9696,2839,6857,12094.0,70.71988448844884,60.16915422885572
101,FI-70,FruitCatching-26,16,False,16,26.148265212081405,180,,,12,8688,2563,6125,12119.0,70.49953959484347,
102,FI-70,FruitCatching-27,17,False,18,26.05013324616109,140,,30.0,13,6768,2052,4716,12151.0,69.68085106382979,2603.785714285714
103,FI-70,FruitCatching-28,26,False,27,27.933333333333334,118,,70.0,0,5712,1920,3792,12175.0,66.38655462184873,7222.457627118643
104,FI-70,FruitCatching-29,21,False,22,25.6189393939394,101,,101.0,0,4896,1565,3331,11216.0,68.03513071895425,11216.0
105,FI-70,FruitCatching-3,12,False,15,25.318251081139064,176,,1.0,1,8496,2427,6069,12138.0,71.43361581920904,68.9659090909091
106,FI-70,FruitCatching-30,13,False,16,26.954699511217747,165,,1.0,38,7968,2333,5635,12142.0,70.72038152610442,73.5878787878788
107,FI-70,FruitCatching-31,15,False,16,28.134437694902736,215,,1.0,34,10368,2991,7377,12056.0,71.15162037037037,56.074418604651164
108,FI-70,FruitCatching-32,22,False,25,26.29503927512141,130,,2.0,0,6288,2105,4183,12169.0,66.5235368956743,187.21538461538464
109,FI-70,FruitCatching-33,17,False,20,25.40079365079365,228,,1.0,0,10992,3656,7336,11708.0,66.73944687045123,51.35087719298245
110,FI-70,FruitCatching-34,24,False,24,26.228921270997773,100,,,0,4848,1572,3276,9210.0,67.57425742574257,
111,FI-70,FruitCatching-35,23,False,23,26.152380952380955,197,,,0,9504,3128,6376,9638.0,67.08754208754209,
112,FI-70,FruitCatching-36,4,False,10,27.16211383599316,231,,1.0,53,11136,3285,7851,12067.0,70.50107758620689,52.23809523809524
113,FI-70,FruitCatching-37,17,False,20,27.102686504721536,583,,1.0,0,28032,8191,19841,12047.0,70.77982305936074,20.663807890222984
114,FI-70,FruitCatching-38,17,False,18,26.71233885638738,127,,4.0,0,6144,1775,4369,12263.0,71.11002604166666,386.23622047244095
115,FI-70,FruitCatching-39,14,False,15,24.543718290414915,255,,1.0,0,12288,3550,8738,12118.0,71.11002604166666,47.52156862745098
116,FI-70,FruitCatching-4,20,False,21,27.32766187445849,162,,1.0,0,7824,2456,5368,12192.0,68.60940695296523,75.25925925925925
117,FI-70,FruitCatching-40,20,False,21,25.09902998236332,100,,1.0,0,4848,1652,3196,6948.0,65.92409240924091,69.48
118,FI-70,FruitCatching-41,16,False,18,24.401818134661276,138,,1.0,0,6672,2217,4455,12191.0,66.77158273381295,88.34057971014492
119,FI-70,FruitCatching-5,1,False,2,23.10222054349492,347,,135.0,74,16704,4816,11888,12108.0,71.16858237547893,4710.605187319885
120,FI-70,FruitCatching-6,19,False,21,26.29941725037909,309,,7.0,0,14880,4309,10571,12092.0,71.04166666666667,273.9288025889968
121,FI-70,FruitCatching-7,5,False,8,24.98385775714218,378,,9.0,22,18192,5270,12922,12117.0,71.03122251539138,288.5
122,FI-70,FruitCatching-8,2,False,5,22.797141136611238,363,,8.0,29,17472,5052,12420,12126.0,71.08516483516483,267.23966942148763
123,FI-70,FruitCatching-9,8,False,12,26.225104573744893,269,,6.0,15,12960,3678,9282,12137.0,71.62037037037037,270.71375464684013
124,TO-50,FruitCatching-1,1,False,7,16.054750233426702,127,,3.0,18,6144,3202,2942,7300.0,47.88411458333333,172.44094488188975
125,TO-50,FruitCatching-10,2,False,8,19.732539682539684,179,,1.0,7,8640,4496,4144,12172.0,47.96296296296296,68.0
126,TO-50,FruitCatching-11,12,False,12,22.0,135,,,0,6528,3152,3376,11485.0,51.71568627450981,
127,TO-50,FruitCatching-12,0,False,2,14.0,138,,1.0,0,6672,3189,3483,6474.0,52.20323741007194,46.91304347826087
128,TO-50,FruitCatching-13,1,False,12,19.564047619047617,196,,24.0,147,9456,4854,4602,12139.0,48.66751269035533,1486.408163265306
129,TO-50,FruitCatching-14,22,False,24,27.09025974025974,121,,13.0,0,5856,3044,2812,12113.0,48.01912568306011,1301.396694214876
130,TO-50,FruitCatching-15,21,False,23,26.53844586923128,128,,17.0,0,6192,3188,3004,12053.0,48.514211886304906,1600.7890625
131,TO-50,FruitCatching-16,7,False,25,27.1,100,,1.0,0,4848,2510,2338,5149.0,48.226072607260726,51.49
132,TO-50,FruitCatching-17,3,False,15,23.454880262788706,215,,1.0,34,10368,5423,4945,12147.0,47.694830246913575,56.49767441860465
133,TO-50,FruitCatching-18,9,False,14,25.0,139,,1.0,7,6720,3222,3498,12170.0,52.05357142857143,87.55395683453239
134,TO-50,FruitCatching-19,18,False,20,25.196028810896248,133,,5.0,0,6432,3382,3050,11351.0,47.41915422885572,426.72932330827064
135,TO-50,FruitCatching-2,12,False,18,23.979616052952608,96,,1.0,0,4656,2401,2255,12194.0,48.43213058419244,127.02083333333333
136,TO-50,FruitCatching-20,20,False,21,25.46785714285714,105,,91.0,0,5088,2664,2424,12071.0,47.64150943396226,10461.533333333333
137,TO-50,FruitCatching-21,18,False,22,26.05436507936508,100,,1.0,0,4848,2533,2315,7183.0,47.7516501650165,71.83
138,TO-50,FruitCatching-22,5,False,15,23.312156223057155,179,,1.0,4,8640,4471,4169,12096.0,48.25231481481482,67.57541899441341
139,TO-50,FruitCatching-23,5,False,13,21.78063890132855,166,,1.0,0,8016,4176,3840,12082.0,47.90419161676647,72.78313253012048
140,TO-50,FruitCatching-24,17,False,18,24.409582621543088,100,,2.0,0,4848,2556,2292,12084.0,47.277227722772274,241.68
141,TO-50,FruitCatching-25,2,False,14,25.0,218,,1.0,122,10512,5118,5394,12081.0,51.31278538812786,55.41743119266055
142,TO-50,FruitCatching-26,16,False,17,23.43914768806073,220,,1.0,0,10608,5419,5189,12137.0,48.915912518853695,55.168181818181814
143,TO-50,FruitCatching-27,17,False,18,23.775736306083125,122,,1.0,0,5904,3059,2845,12134.0,48.18766937669376,99.45901639344262
144,TO-50,FruitCatching-28,26,False,26,27.433333333333334,100,,,0,4848,2454,2394,11835.0,49.38118811881188,
145,TO-50,FruitCatching-29,21,False,22,25.952272727272728,140,,94.0,0,6768,3538,3230,12076.0,47.72458628841608,8108.171428571428
146,TO-50,FruitCatching-3,12,False,19,25.01477072310406,156,,1.0,0,7536,3941,3595,12042.0,47.70435244161359,77.1923076923077
147,TO-50,FruitCatching-30,13,False,23,25.566880341880346,182,,1.0,11,8784,4541,4243,12141.0,48.30373406193078,66.70879120879121
148,TO-50,FruitCatching-31,15,False,19,24.654017977139286,129,,4.0,0,6240,3243,2997,12106.0,48.02884615384615,375.3798449612403
149,TO-50,FruitCatching-32,22,False,23,25.71170594178808,129,,29.0,0,6240,3272,2968,10537.0,47.56410256410256,2368.782945736434
150,TO-50,FruitCatching-33,17,False,18,24.91865079365079,105,,16.0,0,5088,2642,2446,12127.0,48.07389937106918,1847.9238095238097
151,TO-50,FruitCatching-34,24,False,25,26.43879781420765,156,,88.0,0,7536,3919,3617,12103.0,47.99628450106157,6827.333333333333
152,TO-50,FruitCatching-35,23,False,23,25.83821758220845,113,,,0,5472,2823,2649,8564.0,48.41008771929825,
153,TO-50,FruitCatching-36,4,False,17,23.745774976657327,211,,1.0,41,10176,5284,4892,12081.0,48.07389937106918,57.25592417061612
154,TO-50,FruitCatching-37,17,False,20,24.487738737497654,100,,1.0,0,4848,2592,2256,6004.0,46.53465346534654,60.04
155,TO-50,FruitCatching-38,17,False,20,25.31527283847361,137,,1.0,0,6624,3482,3142,12119.0,47.43357487922705,88.45985401459853
156,TO-50,FruitCatching-39,14,False,16,23.491810219842392,178,,53.0,0,8592,4488,4104,12062.0,47.76536312849162,3591.494382022472
157,TO-50,FruitCatching-4,20,False,21,25.123809523809527,100,,1.0,0,4848,2540,2308,10543.0,47.60726072607261,105.43
158,TO-50,FruitCatching-40,20,False,22,25.540696649029982,133,,1.0,0,6432,3360,3072,12144.0,47.76119402985074,91.30827067669172
159,TO-50,FruitCatching-41,16,False,17,23.801870748299315,93,,3.0,0,4512,2271,2241,12094.0,49.66755319148936,390.1290322580645
160,TO-50,FruitCatching-5,1,False,12,19.165187009001738,267,,35.0,180,12864,6576,6288,12053.0,48.88059701492538,1579.9812734082395
161,TO-50,FruitCatching-6,19,False,22,26.28809523809524,192,,1.0,0,9264,4786,4478,12126.0,48.33765112262521,63.15625
162,TO-50,FruitCatching-7,5,False,16,24.080246913580247,193,,1.0,23,9312,4872,4440,12091.0,47.680412371134025,62.64766839378239
163,TO-50,FruitCatching-8,2,False,9,18.240222942555054,124,,2.0,11,6000,3078,2922,6490.0,48.699999999999996,104.6774193548387
164,TO-50,FruitCatching-9,8,False,12,20.2702380952381,138,,12.0,0,6672,3496,3176,12132.0,47.60191846522782,1054.9565217391305
165,TO-70,FruitCatching-1,1,False,17,24.143969810146285,348,,119.0,185,16752,5360,11392,12097.0,68.00382043935052,4136.617816091954
166,TO-70,FruitCatching-10,2,False,7,18.687301587301587,127,,1.0,1,6144,2019,4125,4668.0,67.138671875,36.75590551181102
167,TO-70,FruitCatching-11,12,False,12,24.0,152,,,31,7344,2168,5176,11466.0,70.479302832244,
168,TO-70,FruitCatching-12,0,False,2,17.0,190,,31.0,19,9168,2676,6492,3179.0,70.81151832460732,518.6789473684211
169,TO-70,FruitCatching-13,1,False,8,17.09285714285714,241,,18.0,18,11616,3788,7828,4717.0,67.38980716253444,352.3070539419087
170,TO-70,FruitCatching-14,22,False,22,25.977272727272727,100,,,0,4848,1529,3319,5881.0,68.46122112211222,
171,TO-70,FruitCatching-15,21,False,22,26.20511253589795,140,,40.0,0,6768,2225,4543,7842.0,67.12470449172578,2240.5714285714284
172,TO-70,FruitCatching-16,7,False,25,27.1,100,,1.0,0,4848,1640,3208,3029.0,66.17161716171617,30.29
173,TO-70,FruitCatching-17,3,False,13,24.0,203,,22.0,10,9792,2850,6942,5171.0,70.89460784313727,560.4039408866995
174,TO-70,FruitCatching-18,9,False,13,26.0,125,,1.0,23,6048,1826,4222,5398.0,69.80820105820106,43.184
175,TO-70,FruitCatching-19,18,False,19,25.194498256183305,222,,9.0,0,10704,3590,7114,12063.0,66.4611360239163,489.0405405405406
176,TO-70,FruitCatching-2,12,False,15,23.23208295896975,121,,1.0,0,5856,1901,3955,7783.0,67.53756830601093,64.32231404958678
177,TO-70,FruitCatching-20,20,False,21,25.301441102756893,100,,54.0,0,4848,1632,3216,6783.0,66.33663366336634,3662.82
178,TO-70,FruitCatching-21,18,False,22,26.063624338624336,136,,1.0,0,6576,2206,4370,7784.0,66.45377128953771,57.23529411764706
179,TO-70,FruitCatching-22,5,False,20,25.62383957820799,263,,1.0,67,12672,4260,8412,12087.0,66.38257575757575,45.958174904942965
180,TO-70,FruitCatching-23,5,False,17,24.041572022748493,224,,1.0,5,10800,3578,7222,12060.0,66.87037037037037,53.83928571428571
181,TO-70,FruitCatching-24,17,False,18,24.264829204712427,166,,62.0,0,8016,2630,5386,10639.0,67.19061876247505,3973.602409638554
182,TO-70,FruitCatching-25,2,False,13,23.0,279,,1.0,18,13440,3929,9511,9721.0,70.76636904761905,34.842293906810035
183,TO-70,FruitCatching-26,16,False,17,23.59784990495923,256,,1.0,0,12336,4049,8287,9364.0,67.17736705577173,36.578125
184,TO-70,FruitCatching-27,17,False,18,26.0,294,,128.0,12,14160,4348,9812,10933.0,69.29378531073446,4759.9455782312925
185,TO-70,FruitCatching-28,26,False,26,27.433333333333334,100,,,0,4848,1582,3266,7013.0,67.36798679867987,
186,TO-70,FruitCatching-29,21,False,21,25.6189393939394,102,,,0,4944,1616,3328,4917.0,67.31391585760518,
187,TO-70,FruitCatching-3,12,False,17,24.27545896807642,275,,1.0,0,13248,4367,8881,10024.0,67.03653381642512,36.45090909090909
188,TO-70,FruitCatching-30,13,False,15,24.0,151,,1.0,24,7296,2208,5088,12044.0,69.73684210526315,79.76158940397352
189,TO-70,FruitCatching-31,15,False,17,24.29925343018563,156,,1.0,0,7536,2380,5156,10022.0,68.41825902335457,64.24358974358974
190,TO-70,FruitCatching-32,22,False,24,25.96170594178808,133,,2.0,0,6432,2146,4286,6236.0,66.63557213930348,93.77443609022556
191,TO-70,FruitCatching-33,17,False,19,24.72796451914099,187,,54.0,0,9024,2948,6076,12101.0,67.33156028368793,3494.4064171122996
192,TO-70,FruitCatching-34,24,False,24,26.256699048775552,101,,,0,4896,1621,3275,4660.0,66.89133986928104,
193,TO-70,FruitCatching-35,23,False,23,26.152380952380955,126,,,0,6096,2000,4096,6154.0,67.19160104986877,
194,TO-70,FruitCatching-36,4,False,12,26.0,278,,1.0,67,13392,3935,9457,6117.0,70.6167861409797,22.00359712230216
195,TO-70,FruitCatching-37,17,False,19,26.0,145,,1.0,0,7008,2129,4879,5206.0,69.62043378995433,35.90344827586207
196,TO-70,FruitCatching-38,17,False,22,25.55952380952381,276,,1.0,0,13296,4359,8937,12059.0,67.21570397111914,43.69202898550725
197,TO-70,FruitCatching-39,14,False,18,24.15425385480533,188,,84.0,0,9072,2957,6115,12064.0,67.4052028218695,5390.297872340425
198,TO-70,FruitCatching-4,20,False,22,25.373809523809527,113,,9.0,0,5472,1774,3698,4455.0,67.58040935672514,354.82300884955754
199,TO-70,FruitCatching-40,20,False,21,25.09902998236332,100,,1.0,0,4848,1556,3292,3804.0,67.9042904290429,38.04
200,TO-70,FruitCatching-41,16,False,17,23.867504409171072,118,,31.0,0,5712,1939,3773,12190.0,66.05392156862744,3202.4576271186443
201,TO-70,FruitCatching-5,1,False,3,13.820215138396955,123,,15.0,0,5952,2011,3941,1881.0,66.21303763440861,229.390243902439
202,TO-70,FruitCatching-6,19,False,20,25.843398268398268,198,,1.0,0,9552,3137,6415,10617.0,67.15871021775544,53.621212121212125
203,TO-70,FruitCatching-7,5,False,16,24.16043154248503,272,,12.0,94,13104,4377,8727,12115.0,66.59798534798534,534.4852941176471
204,TO-70,FruitCatching-8,2,False,7,17.776343882100075,313,,3.0,35,15072,5018,10054,9490.0,66.70647558386412,90.95846645367412
205,TO-70,FruitCatching-9,8,False,10,19.886904761904763,127,,10.0,0,6144,2024,4120,8907.0,67.05729166666666,701.3385826771654
206,FI-00,FruitCatching-1,1,False,13,19.66844070961718,150,,71.0,74,7248,7248,0,12067.0,0.0,5711.713333333333
207,FI-00,FruitCatching-10,2,False,13,21.03382594417077,206,,22.0,32,9936,9936,0,12076.0,0.0,1289.6699029126212
208,FI-00,FruitCatching-11,12,False,14,22.914644460477792,67,,1.0,0,3264,3264,0,12128.0,0.0,181.01492537313433
209,FI-00,FruitCatching-12,0,False,4,14.560457516339866,132,,2.0,2,6384,6384,0,9482.0,0.0,143.66666666666666
210,FI-00,FruitCatching-13,1,False,14,20.086207311207307,155,,13.0,45,7488,7488,0,12085.0,0.0,1013.5806451612904
211,FI-00,FruitCatching-14,22,False,22,25.977272727272727,70,,,0,3408,3408,0,12163.0,0.0,
212,FI-00,FruitCatching-15,21,False,23,26.499556980342398,64,,3.0,0,3120,3120,0,12109.0,0.0,567.609375
213,FI-00,FruitCatching-16,7,False,24,26.890123456790125,159,,1.0,0,7680,7680,0,11591.0,0.0,72.8993710691824
214,FI-00,FruitCatching-17,3,False,19,24.365315856982523,126,,1.0,26,6096,6096,0,12044.0,0.0,95.58730158730158
215,FI-00,FruitCatching-18,9,False,18,24.29220069175157,79,,1.0,1,3840,3840,0,12162.0,0.0,153.9493670886076
216,FI-00,FruitCatching-19,18,False,20,25.384946970752782,62,,12.0,0,3024,3024,0,12212.0,0.0,2363.6129032258063
217,FI-00,FruitCatching-2,12,False,19,24.17983428172108,56,,1.0,0,2736,2736,0,12208.0,0.0,218.0
218,FI-00,FruitCatching-20,20,False,20,25.348809523809525,61,,,0,2976,2976,0,12174.0,0.0,
219,FI-00,FruitCatching-21,18,False,22,25.579365079365083,89,,2.0,0,4320,4320,0,12117.0,0.0,272.29213483146066
220,FI-00,FruitCatching-22,5,False,19,25.045987503658065,116,,1.0,8,5616,5616,0,12098.0,0.0,104.29310344827586
221,FI-00,FruitCatching-23,5,False,15,22.768048713738366,97,,1.0,4,4704,4704,0,12070.0,0.0,124.43298969072164
222,FI-00,FruitCatching-24,17,False,18,24.213594636811195,62,,1.0,0,3024,3024,0,12249.0,0.0,197.56451612903226
223,FI-00,FruitCatching-25,2,False,18,25.1380352281436,136,,1.0,32,6576,6576,0,12098.0,0.0,88.95588235294117
224,FI-00,FruitCatching-26,16,False,20,24.53985642946317,95,,1.0,0,4608,4608,0,12139.0,0.0,127.77894736842104
225,FI-00,FruitCatching-27,17,False,21,25.2547927434729,74,,6.0,0,3600,3600,0,12171.0,0.0,986.8378378378379
226,FI-00,FruitCatching-28,26,False,26,27.454761904761902,63,,,0,3072,3072,0,12212.0,0.0,
227,FI-00,FruitCatching-29,21,False,21,25.74239618406285,75,,,0,3648,3648,0,12175.0,0.0,
228,FI-00,FruitCatching-3,12,False,22,25.33809523809524,82,,1.0,1,3984,3984,0,12197.0,0.0,148.7439024390244
229,FI-00,FruitCatching-30,13,False,22,25.528030303030302,107,,1.0,1,5184,5184,0,12173.0,0.0,113.7663551401869
230,FI-00,FruitCatching-31,15,False,21,25.18528795272606,73,,1.0,0,3552,3552,0,12055.0,0.0,165.13698630136986
231,FI-00,FruitCatching-32,22,False,24,26.04503927512141,90,,1.0,0,4368,4368,0,12130.0,0.0,134.77777777777777
232,FI-00,FruitCatching-33,17,False,19,25.14609474344885,63,,1.0,0,3072,3072,0,12205.0,0.0,193.7301587301587
233,FI-00,FruitCatching-34,24,False,24,26.228921270997773,82,,,0,3984,3984,0,12046.0,0.0,
234,FI-00,FruitCatching-35,23,False,25,26.96175115207373,79,,44.0,0,3840,3840,0,12179.0,0.0,6783.2405063291135
235,FI-00,FruitCatching-36,4,False,18,23.50966386554622,81,,1.0,21,3936,3936,0,12154.0,0.0,150.04938271604937
236,FI-00,FruitCatching-37,17,False,22,26.02397292250233,186,,1.0,0,8976,8976,0,12272.0,0.0,65.97849462365592
237,FI-00,FruitCatching-38,17,False,19,24.56834478574756,53,,1.0,0,2592,2592,0,12065.0,0.0,227.64150943396226
238,FI-00,FruitCatching-39,14,False,18,24.51004075134677,74,,4.0,0,3600,3600,0,12189.0,0.0,658.8648648648649
239,FI-00,FruitCatching-4,20,False,23,26.20574504941184,82,,1.0,0,3984,3984,0,12141.0,0.0,148.0609756097561
240,FI-00,FruitCatching-40,20,False,23,25.8201278659612,82,,1.0,0,3984,3984,0,12171.0,0.0,148.4268292682927
241,FI-00,FruitCatching-41,16,False,18,23.92460317460317,39,,1.0,0,1920,1920,0,12345.0,0.0,316.53846153846155
242,FI-00,FruitCatching-5,1,False,13,19.5646595828414,126,,35.0,37,6096,6096,0,12079.0,0.0,3355.277777777778
243,FI-00,FruitCatching-6,19,False,20,25.36363636363636,138,,1.0,0,6672,6672,0,12093.0,0.0,87.6304347826087
244,FI-00,FruitCatching-7,5,False,17,24.73135175010175,81,,1.0,21,3936,3936,0,8192.0,0.0,101.1358024691358
245,FI-00,FruitCatching-8,2,False,11,19.250625064840747,154,,2.0,20,7440,7440,0,12078.0,0.0,156.85714285714286
246,FI-00,FruitCatching-9,8,False,21,26.00861678004535,97,,1.0,48,4704,4704,0,12179.0,0.0,125.55670103092783
247,FI-50,FruitCatching-1,1,False,10,19.79714963395577,140,,7.0,48,6768,3311,3457,12180.0,51.078605200945624,609.0
248,FI-50,FruitCatching-10,2,False,2,23.04643740568114,614,,,26,29520,14139,15381,12046.0,52.103658536585364,
249,FI-50,FruitCatching-11,12,False,16,27.492405406814143,214,,1.0,11,10320,4986,5334,12063.0,51.6860465116279,56.36915887850467
250,FI-50,FruitCatching-12,0,False,2,20.93319650618052,351,,41.0,31,16896,8086,8810,8454.0,52.142518939393945,987.5042735042734
251,FI-50,FruitCatching-13,1,False,11,20.10903887306683,344,,5.0,26,16560,7860,8700,12042.0,52.53623188405797,175.02906976744185
252,FI-50,FruitCatching-14,22,False,23,26.227272727272727,117,,17.0,0,5664,2953,2711,11035.0,47.86370056497175,1603.3760683760686
253,FI-50,FruitCatching-15,21,False,23,26.590123456790124,150,,1.0,0,7248,3750,3498,12066.0,48.26158940397351,80.44000000000001
254,FI-50,FruitCatching-16,7,False,25,27.1,153,,1.0,0,7392,3822,3570,5387.0,48.29545454545455,35.209150326797385
255,FI-50,FruitCatching-17,3,False,13,25.87520811097969,414,,2.0,16,19920,9564,10356,12062.0,51.98795180722892,58.27053140096618
256,FI-50,FruitCatching-18,9,False,12,28.251669197376188,322,,2.0,29,15504,7373,8131,12042.0,52.444530443756456,74.79503105590062
257,FI-50,FruitCatching-19,18,False,21,26.665137036994217,135,,8.0,0,6528,3408,3120,12079.0,47.794117647058826,715.7925925925927
258,FI-50,FruitCatching-2,12,False,16,23.452717879604677,114,,1.0,0,5520,2891,2629,12091.0,47.6268115942029,106.06140350877192
259,FI-50,FruitCatching-20,20,False,21,25.301441102756893,100,,63.0,0,4848,2553,2295,10685.0,47.339108910891085,6731.55
260,FI-50,FruitCatching-21,18,False,24,26.46426894701543,158,,1.0,0,7632,4022,3610,12082.0,47.30083857442348,76.46835443037975
261,FI-50,FruitCatching-22,5,False,13,27.447488029700036,305,,1.0,18,14688,7118,7570,12048.0,51.53867102396514,39.501639344262294
262,FI-50,FruitCatching-23,5,False,10,28.426308558523417,440,,1.0,64,21168,10179,10989,12046.0,51.91326530612245,27.377272727272725
263,FI-50,FruitCatching-24,17,False,18,24.53303908125564,108,,8.0,0,5232,2668,2564,9780.0,49.006116207951074,724.4444444444445
264,FI-50,FruitCatching-25,2,False,14,25.09874583977811,233,,1.0,12,11232,5357,5875,12103.0,52.30591168091168,51.94420600858369
265,FI-50,FruitCatching-26,16,False,18,27.939181921402785,257,,1.0,35,12384,5994,6390,12072.0,51.59883720930233,46.9727626459144
266,FI-50,FruitCatching-27,17,False,23,25.60449447601777,156,,1.0,0,7536,3924,3612,12164.0,47.92993630573248,77.97435897435898
267,FI-50,FruitCatching-28,26,False,26,27.433333333333334,100,,,0,4848,2514,2334,8776.0,48.14356435643564,
268,FI-50,FruitCatching-29,21,False,21,25.80227272727273,104,,,0,5040,2629,2411,10180.0,47.83730158730159,
269,FI-50,FruitCatching-3,12,False,14,25.229937888232783,211,,1.0,3,10176,4867,5309,12089.0,52.17177672955975,57.29383886255925
270,FI-50,FruitCatching-30,13,False,15,28.052588060473735,229,,1.0,38,11040,5250,5790,12038.0,52.44565217391305,52.56768558951965
271,FI-50,FruitCatching-31,15,False,17,27.956406725159376,318,,1.0,28,15312,7325,7987,12066.0,52.161703239289444,37.943396226415096
272,FI-50,FruitCatching-32,22,False,23,26.003372608454747,176,,1.0,0,8496,4452,4044,12060.0,47.59887005649718,68.52272727272728
273,FI-50,FruitCatching-33,17,False,23,26.386243386243383,105,,2.0,0,5088,2684,2404,12059.0,47.24842767295597,229.69523809523812
274,FI-50,FruitCatching-34,24,False,24,26.286020036429875,149,,,0,7200,3732,3468,11460.0,48.16666666666667,
275,FI-50,FruitCatching-35,23,False,23,26.08536155202822,117,,,0,5664,2951,2713,9283.0,47.89901129943503,
276,FI-50,FruitCatching-36,4,False,11,25.773883384079067,164,,1.0,26,7920,3773,4147,12038.0,52.361111111111114,73.40243902439025
277,FI-50,FruitCatching-37,17,False,21,25.218417366946777,156,,1.0,0,7536,3929,3607,8220.0,47.8635881104034,52.69230769230769
278,FI-50,FruitCatching-38,17,False,18,24.51253506746319,100,,1.0,0,4848,2535,2313,10438.0,47.71039603960396,104.38
279,FI-50,FruitCatching-39,14,False,15,23.815644203757248,133,,26.0,0,6432,3127,3305,12038.0,51.383706467661696,2353.2932330827066
280,FI-50,FruitCatching-4,20,False,21,25.33809793685678,118,,1.0,0,5712,3006,2706,7844.0,47.37394957983193,66.47457627118644
281,FI-50,FruitCatching-40,20,False,23,25.88237018349833,122,,1.0,0,5904,3089,2815,12107.0,47.679539295392956,99.23770491803279
282,FI-50,FruitCatching-41,16,False,17,23.89219576719576,94,,1.0,0,4560,2381,2179,12106.0,47.78508771929825,128.7872340425532
283,FI-50,FruitCatching-5,1,False,1,26.762642922257285,525,,,25,25248,12093,13155,12054.0,52.10313688212928,
284,FI-50,FruitCatching-6,19,False,21,26.122483423749244,199,,3.0,0,9600,4856,4744,10189.0,49.416666666666664,153.60301507537687
285,FI-50,FruitCatching-7,5,False,14,28.46283695949985,284,,1.0,32,13680,6602,7078,12066.0,51.73976608187134,42.485915492957744
286,FI-50,FruitCatching-8,2,False,5,24.62862288082161,325,,8.0,72,15648,7499,8149,12052.0,52.076942740286306,296.6646153846154
287,FI-50,FruitCatching-9,8,False,13,26.736549969275494,172,,4.0,25,8304,3965,4339,12043.0,52.25192678227361,280.06976744186045
288,FI-70,FruitCatching-1,1,False,8,22.954666212620605,642,,42.0,8,30864,8877,21987,8490.0,71.23833592534993,555.4205607476634
289,FI-70,FruitCatching-10,2,False,6,23.87388462425304,628,,12.0,11,30192,8569,21623,7061.0,71.61830948595654,134.9235668789809
290,FI-70,FruitCatching-11,12,False,13,28.19799194975635,110,,1.0,25,5328,1570,3758,12159.0,70.53303303303304,110.53636363636363
291,FI-70,FruitCatching-12,0,False,2,19.94527153424947,598,,4.0,7,28752,8285,20467,8182.0,71.18461324429605,54.72909698996656
292,FI-70,FruitCatching-13,1,False,11,20.45184962926661,714,,3.0,10,34320,9863,24457,12057.0,71.26165501165501,50.659663865546214
293,FI-70,FruitCatching-14,22,False,22,25.977272727272727,100,,,0,4848,1595,3253,4727.0,67.09983498349835,
294,FI-70,FruitCatching-15,21,False,24,26.800350631136045,153,,18.0,0,7392,2464,4928,8596.0,66.66666666666666,1011.2941176470588
295,FI-70,FruitCatching-16,7,False,24,26.45714285714286,101,,1.0,0,4896,1644,3252,2261.0,66.42156862745098,22.386138613861387
296,FI-70,FruitCatching-17,3,False,8,27.905655523725947,780,,1.0,25,37488,10766,26722,11426.0,71.28147673922321,14.648717948717948
297,FI-70,FruitCatching-18,9,False,12,28.136849580247823,213,,1.0,7,10272,3035,7237,12096.0,70.45366043613707,56.7887323943662
298,FI-70,FruitCatching-19,18,False,19,28.11468977439523,296,,4.0,18,14256,4191,10065,12048.0,70.60185185185185,162.8108108108108
299,FI-70,FruitCatching-2,12,False,16,23.14557502246182,110,,1.0,0,5328,1782,3546,8763.0,66.55405405405406,79.66363636363636
300,FI-70,FruitCatching-20,20,False,21,25.915476190476195,121,,3.0,0,5856,1922,3934,8336.0,67.17896174863388,206.67768595041323
301,FI-70,FruitCatching-21,18,False,25,26.91547619047619,232,,1.0,0,11184,3713,7471,10476.0,66.80078683834049,45.1551724137931
302,FI-70,FruitCatching-22,5,False,13,29.89177779355891,348,,1.0,68,16752,4830,11922,12038.0,71.16762177650429,34.5919540229885
303,FI-70,FruitCatching-23,5,False,8,26.46883158527617,493,,1.0,40,23712,6915,16797,12048.0,70.83755060728745,24.43813387423935
304,FI-70,FruitCatching-24,17,False,18,25.14271521564021,140,,15.0,0,6768,2116,4652,12120.0,68.73522458628841,1298.5714285714284
305,FI-70,FruitCatching-25,2,False,8,26.677366074878385,499,,1.0,19,24000,6967,17033,12041.0,70.97083333333333,24.130260521042082
306,FI-70,FruitCatching-26,16,False,17,26.241393868138303,547,,1.0,59,26304,7630,18674,12042.0,70.99300486618006,22.014625228519197
307,FI-70,FruitCatching-27,17,False,17,27.534113600993187,327,,,21,15744,4501,11243,12055.0,71.411331300813,
308,FI-70,FruitCatching-28,26,False,27,27.933333333333334,166,,78.0,0,8016,2634,5382,12045.0,67.14071856287424,5659.698795180723
309,FI-70,FruitCatching-29,21,False,23,29.203120243614045,473,,16.0,156,22752,6802,15950,12052.0,70.10372714486638,407.6786469344609
310,FI-70,FruitCatching-3,12,False,15,25.801307819312782,599,,1.0,6,28800,8299,20501,12050.0,71.18402777777779,20.11686143572621
311,FI-70,FruitCatching-30,13,False,16,28.392241007848952,529,,1.0,19,25440,7355,18085,12038.0,71.08883647798741,22.756143667296787
312,FI-70,FruitCatching-31,15,False,17,26.02831561169786,423,,1.0,4,20352,5945,14407,12048.0,70.78911163522012,28.4822695035461
313,FI-70,FruitCatching-32,22,False,23,28.604772816095696,281,,1.0,57,13536,4122,9414,12059.0,69.54787234042553,42.91459074733096
314,FI-70,FruitCatching-33,17,False,18,24.37528344671201,101,,1.0,0,4896,1584,3312,8668.0,67.64705882352942,85.82178217821782
315,FI-70,FruitCatching-34,24,False,24,26.228921270997773,100,,,0,4848,1587,3261,3797.0,67.26485148514851,
316,FI-70,FruitCatching-35,23,False,23,25.980962417048875,124,,,0,6000,2000,4000,5683.0,66.66666666666666,
317,FI-70,FruitCatching-36,4,False,10,27.34285018624988,481,,1.0,29,23136,6653,16483,12066.0,71.24394882434302,25.08523908523909
318,FI-70,FruitCatching-37,17,False,18,26.895483742826364,263,,1.0,25,12672,3638,9034,12051.0,71.29103535353535,45.8212927756654
319,FI-70,FruitCatching-38,17,False,18,26.71186497636688,118,,1.0,0,5712,1660,4052,12161.0,70.93837535014006,103.05932203389831
320,FI-70,FruitCatching-39,14,False,14,24.09582747891389,655,,,0,31488,9180,22308,11809.0,70.84603658536585,
321,FI-70,FruitCatching-4,20,False,21,28.3083645276736,425,,1.0,34,20448,6017,14431,12048.0,70.5741392801252,28.348235294117643
322,FI-70,FruitCatching-40,20,False,20,24.90458553791888,104,,,0,5040,1677,3363,4807.0,66.72619047619047,
323,FI-70,FruitCatching-41,16,False,19,24.5880291005291,135,,1.0,0,6528,2176,4352,12122.0,66.66666666666666,89.7925925925926
324,FI-70,FruitCatching-5,1,False,2,22.4248120105409,769,,35.0,20,36960,10648,26312,11294.0,71.19047619047619,514.0312093628088
325,FI-70,FruitCatching-6,19,False,19,26.964860474075277,274,,,0,13200,3801,9399,12081.0,71.20454545454545,
326,FI-70,FruitCatching-7,5,False,9,27.49972788556328,198,,2.0,41,9552,2737,6815,12171.0,71.3463149078727,122.93939393939395
327,FI-70,FruitCatching-8,2,False,8,24.417697955951677,488,,2.0,401,23472,6902,16570,12053.0,70.59475119291069,49.39754098360656
328,FI-70,FruitCatching-9,8,False,13,25.08289437415153,500,,3.0,9,24048,6945,17103,12057.0,71.12025948103793,72.342
329,TO-50,FruitCatching-1,1,False,13,19.010107376283845,201,,15.0,63,9696,5021,4675,12039.0,48.21575907590759,898.4328358208954
330,TO-50,FruitCatching-10,2,False,12,21.16111111111111,264,,19.0,30,12720,6652,6068,12050.0,47.704402515723274,867.2348484848485
331,TO-50,FruitCatching-11,12,False,16,23.13312324929972,173,,27.0,0,8352,4302,4050,12131.0,48.491379310344826,1893.2774566473988
332,TO-50,FruitCatching-12,0,False,4,17.0,297,,1.0,182,14304,7086,7218,8857.0,50.461409395973156,29.82154882154882
333,TO-50,FruitCatching-13,1,False,8,16.84285714285714,137,,3.0,3,6624,3492,3132,4152.0,47.28260869565217,90.91970802919708
334,TO-50,FruitCatching-14,22,False,23,26.33809523809524,142,,26.0,0,6864,3614,3250,12097.0,47.34848484848485,2214.9436619718313
335,TO-50,FruitCatching-15,21,False,22,26.20511253589795,103,,3.0,0,4992,2558,2434,8170.0,48.75801282051282,237.9611650485437
336,TO-50,FruitCatching-16,7,False,22,26.04643571392859,100,,1.0,0,4848,2542,2306,3751.0,47.56600660066007,37.51
337,TO-50,FruitCatching-17,3,False,12,24.0,151,,3.0,7,7296,3449,3847,4811.0,52.72752192982456,95.58278145695364
338,TO-50,FruitCatching-18,9,False,19,25.317597516857404,149,,4.0,46,7200,3679,3521,12057.0,48.90277777777778,323.67785234899327
339,TO-50,FruitCatching-19,18,False,21,25.75436214422958,120,,20.0,0,5808,3063,2745,9082.0,47.26239669421488,1513.6666666666665
340,TO-50,FruitCatching-2,12,False,16,23.452717879604677,136,,1.0,0,6576,3451,3125,12062.0,47.521289537712896,88.69117647058823
341,TO-50,FruitCatching-20,20,False,20,25.315476190476197,116,,,0,5616,3012,2604,11721.0,46.36752136752137,
342,TO-50,FruitCatching-21,18,False,23,26.43690476190476,156,,7.0,0,7536,3951,3585,8811.0,47.57165605095541,395.36538461538464
343,TO-50,FruitCatching-22,5,False,16,23.648548275251628,107,,1.0,10,5184,2639,2545,12138.0,49.09336419753087,113.43925233644859
344,TO-50,FruitCatching-23,5,False,16,22.69640656599559,125,,1.0,29,6048,3171,2877,12047.0,47.56944444444444,96.376
345,TO-50,FruitCatching-24,17,False,18,24.28303908125564,123,,53.0,0,5952,3124,2828,12068.0,47.513440860215056,5200.032520325203
346,TO-50,FruitCatching-25,2,False,20,25.46955524588101,196,,1.0,93,9456,4883,4573,12082.0,48.36082910321489,61.64285714285714
347,TO-50,FruitCatching-26,16,False,18,24.438728636629108,257,,1.0,0,12384,6383,6001,12064.0,48.457687338501295,46.94163424124514
348,TO-50,FruitCatching-27,17,False,18,24.273363231419,140,,6.0,0,6768,3485,3283,12050.0,48.50768321513003,516.4285714285714
349,TO-50,FruitCatching-28,26,False,26,27.433333333333334,100,,,0,4848,2510,2338,9809.0,48.226072607260726,
350,TO-50,FruitCatching-29,21,False,21,25.81053343896481,153,,,0,7392,3873,3519,12121.0,47.60551948051948,
351,TO-50,FruitCatching-3,12,False,18,24.93389109432867,123,,1.0,0,5952,3127,2825,12114.0,47.4630376344086,98.48780487804879
352,TO-50,FruitCatching-30,13,False,22,25.351880341880342,199,,1.0,16,9600,5022,4578,12057.0,47.6875,60.58793969849246
353,TO-50,FruitCatching-31,15,False,17,23.781396287328487,118,,1.0,0,5712,2977,2735,12167.0,47.88165266106443,103.11016949152543
354,TO-50,FruitCatching-32,22,False,23,25.71170594178808,101,,1.0,0,4896,2545,2351,6715.0,48.0187908496732,66.48514851485149
355,TO-50,FruitCatching-33,17,False,22,25.90793650793651,126,,11.0,0,6096,3156,2940,12075.0,48.22834645669291,1054.1666666666665
356,TO-50,FruitCatching-34,24,False,24,26.39558793766444,133,,,0,6432,3345,3087,8410.0,47.99440298507462,
357,TO-50,FruitCatching-35,23,False,23,26.152380952380955,142,,,0,6864,3509,3355,10471.0,48.878205128205124,
358,TO-50,FruitCatching-36,4,False,16,23.43413476501712,182,,1.0,6,8784,4608,4176,10053.0,47.540983606557376,55.23626373626374
359,TO-50,FruitCatching-37,17,False,21,25.158216148412222,299,,1.0,0,14400,7502,6898,12042.0,47.90277777777778,40.274247491638796
360,TO-50,FruitCatching-38,17,False,18,24.30405643738977,100,,1.0,0,4848,2593,2255,11220.0,46.51402640264026,112.2
361,TO-50,FruitCatching-39,14,False,16,22.997519028294377,154,,5.0,0,7440,3835,3605,12138.0,48.454301075268816,394.09090909090907
362,TO-50,FruitCatching-4,20,False,21,25.123809523809527,100,,1.0,0,4848,2523,2325,7505.0,47.95792079207921,75.05
363,TO-50,FruitCatching-40,20,False,22,25.74188712522046,135,,1.0,0,6528,3424,3104,9161.0,47.549019607843135,67.85925925925926
364,TO-50,FruitCatching-41,16,False,19,24.653361344537817,122,,1.0,0,5904,3096,2808,12211.0,47.5609756097561,100.09016393442623
365,TO-50,FruitCatching-5,1,False,11,19.71071428571429,265,,84.0,133,12768,6491,6277,12047.0,49.16196741854637,3818.671698113207
366,TO-50,FruitCatching-6,19,False,20,25.735064935064933,190,,90.0,0,9168,4803,4365,10238.0,47.611256544502616,4849.578947368421
367,TO-50,FruitCatching-7,5,False,16,23.77346407193716,117,,1.0,25,5664,2944,2720,12075.0,48.0225988700565,103.20512820512822
368,TO-50,FruitCatching-8,2,False,10,18.47963741051976,269,,3.0,85,12960,6757,6203,12086.0,47.86265432098765,134.78810408921933
369,TO-50,FruitCatching-9,8,False,9,19.6725585149314,146,,1.0,0,7056,3625,3431,12206.0,48.62528344671202,83.6027397260274
370,TO-70,FruitCatching-1,1,False,11,19.381139122315588,230,,42.0,57,11088,3668,7420,7671.0,66.91919191919192,1400.791304347826
371,TO-70,FruitCatching-10,2,False,11,20.214285714285715,119,,14.0,19,5760,1878,3882,4560.0,67.39583333333333,536.4705882352941
372,TO-70,FruitCatching-11,12,False,19,24.812103174603177,221,,1.0,43,10656,3544,7112,12064.0,66.74174174174175,54.58823529411765
373,TO-70,FruitCatching-12,0,False,2,16.0,251,,2.0,142,12096,3816,8280,3330.0,68.45238095238095,26.53386454183267
374,TO-70,FruitCatching-13,1,False,13,20.01785714285714,157,,9.0,53,7584,2476,5108,3501.0,67.35232067510549,200.69426751592357
375,TO-70,FruitCatching-14,22,False,22,25.977272727272727,100,,,0,4848,1597,3251,4577.0,67.0585808580858,
376,TO-70,FruitCatching-15,21,False,23,26.661552028218697,223,,66.0,0,10752,3482,7270,12011.0,67.61532738095238,3554.8251121076237
377,TO-70,FruitCatching-16,7,False,23,26.55555555555556,156,,1.0,0,7536,2449,5087,3022.0,67.50265392781316,19.371794871794872
378,TO-70,FruitCatching-17,3,False,16,24.0,203,,3.0,26,9792,2984,6808,4765.0,69.52614379084967,70.41871921182266
379,TO-70,FruitCatching-18,9,False,20,25.46024457568093,203,,1.0,111,9792,3193,6599,12090.0,67.39174836601308,59.556650246305416
380,TO-70,FruitCatching-19,18,False,19,25.194485601019704,181,,170.0,0,8736,2844,5892,10563.0,67.44505494505495,9921.049723756907
381,TO-70,FruitCatching-2,12,False,16,23.621467879604676,121,,14.0,0,5856,1929,3927,6801.0,67.0594262295082,786.8925619834711
382,TO-70,FruitCatching-20,20,False,20,25.419088161580422,185,,,0,8928,2921,6007,12058.0,67.28270609318996,
383,TO-70,FruitCatching-21,18,False,19,25.17177757000746,206,,44.0,0,9936,3345,6591,9704.0,66.33454106280193,2072.6990291262136
384,TO-70,FruitCatching-22,5,False,15,23.51590320090727,187,,1.0,25,9024,2883,6141,12038.0,68.05186170212765,64.37433155080214
385,TO-70,FruitCatching-23,5,False,14,22.7172502334267,162,,3.0,24,7824,2580,5244,12104.0,67.02453987730061,224.14814814814812
386,TO-70,FruitCatching-24,17,False,20,24.843160684706238,185,,1.0,0,8928,2895,6033,12101.0,67.5739247311828,65.41081081081082
387,TO-70,FruitCatching-25,2,False,15,22.39335317460317,141,,1.0,18,6816,2264,4552,6073.0,66.78403755868545,43.0709219858156
388,TO-70,FruitCatching-26,16,False,17,23.479728755205063,186,,1.0,0,8976,2972,6004,6248.0,66.88948306595366,33.59139784946237
389,TO-70,FruitCatching-27,17,False,23,25.542402972749795,272,,80.0,0,13104,4277,8827,12046.0,67.36111111111111,3542.9411764705883
390,TO-70,FruitCatching-28,26,False,26,27.454761904761902,118,,,0,5712,1941,3771,9622.0,66.01890756302521,
391,TO-70,FruitCatching-29,21,False,21,25.602272727272727,107,,,0,5184,1741,3443,5605.0,66.41589506172839,
392,TO-70,FruitCatching-3,12,False,20,24.725,209,,1.0,0,10080,3333,6747,12037.0,66.93452380952381,57.593301435406694
393,TO-70,FruitCatching-30,13,False,18,24.34354700854701,140,,1.0,6,6768,2180,4588,8601.0,67.78959810874704,61.43571428571428
394,TO-70,FruitCatching-31,15,False,17,23.86450198955488,161,,1.0,0,7776,2532,5244,12208.0,67.43827160493827,75.82608695652173
395,TO-70,FruitCatching-32,22,False,23,25.71170594178808,100,,1.0,0,4848,1560,3288,3965.0,67.82178217821783,39.65
396,TO-70,FruitCatching-33,17,False,19,25.415079365079364,191,,1.0,0,9216,3054,6162,12139.0,66.86197916666666,63.554973821989535
397,TO-70,FruitCatching-34,24,False,24,26.228921270997773,100,,,0,4848,1555,3293,3922.0,67.92491749174917,
398,TO-70,FruitCatching-35,23,False,23,26.152380952380955,176,,,0,8496,2827,5669,8677.0,66.72551789077212,
399,TO-70,FruitCatching-36,4,False,12,22.0,142,,1.0,2,6864,2108,4756,3738.0,69.28904428904428,26.323943661971832
400,TO-70,FruitCatching-37,17,False,18,23.84168035862062,100,,1.0,0,4848,1572,3276,1811.0,67.57425742574257,18.11
401,TO-70,FruitCatching-38,17,False,18,24.30405643738977,100,,1.0,0,4848,1572,3276,6098.0,67.57425742574257,60.980000000000004
402,TO-70,FruitCatching-39,14,False,21,24.747585631960632,133,,30.0,21,6432,2162,4270,12193.0,66.386815920398,2750.300751879699
403,TO-70,FruitCatching-4,20,False,21,25.123809523809527,102,,2.0,0,4944,1636,3308,4927.0,66.9093851132686,96.6078431372549
404,TO-70,FruitCatching-40,20,False,21,25.313321980411164,160,,1.0,0,7728,2491,5237,7148.0,67.76656314699792,44.675000000000004
405,TO-70,FruitCatching-41,16,False,19,24.369047619047617,138,,1.0,0,6672,2229,4443,12120.0,66.59172661870504,87.82608695652173
406,TO-70,FruitCatching-5,1,False,11,18.02180243998426,262,,25.0,28,12624,4078,8546,8196.0,67.69645120405576,782.0610687022901
407,TO-70,FruitCatching-6,19,False,19,25.08588460719608,100,,,0,4848,1564,3284,4372.0,67.73927392739274,
408,TO-70,FruitCatching-7,5,False,14,23.22307698338905,258,,3.0,38,12432,4147,8285,12072.0,66.6425353925354,140.37209302325581
409,TO-70,FruitCatching-8,2,False,11,23.0,393,,34.0,344,18912,5990,12922,12075.0,68.32698815566836,1044.6564885496182
410,TO-70,FruitCatching-9,8,False,13,23.137712983296037,342,,1.0,134,16464,5481,10983,12037.0,66.70918367346938,35.19590643274854
411,FI-00,FruitCatching-1,1,False,1,13.198996265172736,100,,,0,4848,4848,0,3216.0,0.0,
412,FI-00,FruitCatching-10,2,False,10,20.41111111111111,135,,2.0,9,6528,6528,0,12075.0,0.0,178.88888888888889
413,FI-00,FruitCatching-11,12,False,20,24.708336562886764,79,,5.0,8,3840,3840,0,12148.0,0.0,768.8607594936709
414,FI-00,FruitCatching-12,0,False,3,14.049000145137974,209,,1.0,0,10080,10080,0,12046.0,0.0,57.63636363636363
415,FI-00,FruitCatching-13,1,False,8,17.09285714285714,178,,4.0,4,8592,8592,0,12087.0,0.0,271.61797752808985
416,FI-00,FruitCatching-14,22,False,22,25.977272727272727,72,,,0,3504,3504,0,12061.0,0.0,
417,FI-00,FruitCatching-15,21,False,22,26.391515142642422,70,,1.0,0,3408,3408,0,12176.0,0.0,173.94285714285715
418,FI-00,FruitCatching-16,7,False,23,26.189346912547684,117,,1.0,0,5664,5664,0,9145.0,0.0,78.16239316239317
419,FI-00,FruitCatching-17,3,False,18,25.16638995517509,156,,1.0,31,7536,7536,0,12078.0,0.0,77.42307692307692
420,FI-00,FruitCatching-18,9,False,22,25.350532351201217,88,,1.0,18,4272,4272,0,12089.0,0.0,137.375
421,FI-00,FruitCatching-19,18,False,20,25.837695477562917,73,,1.0,0,3552,3552,0,12060.0,0.0,165.2054794520548
422,FI-00,FruitCatching-2,12,False,17,23.91817455407774,70,,1.0,0,3408,3408,0,12072.0,0.0,172.45714285714286
423,FI-00,FruitCatching-20,20,False,20,25.43452380952381,63,,,0,3072,3072,0,12252.0,0.0,
424,FI-00,FruitCatching-21,18,False,23,26.36547619047619,85,,1.0,0,4128,4128,0,12184.0,0.0,143.34117647058824
425,FI-00,FruitCatching-22,5,False,22,26.009950689319098,67,,1.0,10,3264,3264,0,12055.0,0.0,179.92537313432837
426,FI-00,FruitCatching-23,5,False,15,23.14959735515543,94,,1.0,9,4560,4560,0,12110.0,0.0,128.82978723404256
427,FI-00,FruitCatching-24,17,False,18,24.507149510601533,69,,13.0,0,3360,3360,0,12074.0,0.0,2274.8115942028985
428,FI-00,FruitCatching-25,2,False,17,24.741852172599945,125,,1.0,25,6048,6048,0,12120.0,0.0,96.96000000000001
429,FI-00,FruitCatching-26,16,False,21,24.996587301587304,140,,1.0,0,6768,6768,0,12180.0,0.0,87.0
430,FI-00,FruitCatching-27,17,False,19,24.109069639416457,75,,1.0,0,3648,3648,0,12145.0,0.0,161.93333333333334
431,FI-00,FruitCatching-28,26,False,27,27.571428571428573,60,,29.0,0,2928,2928,0,12155.0,0.0,5874.916666666667
432,FI-00,FruitCatching-29,21,False,22,25.96309523809524,78,,1.0,0,3792,3792,0,12213.0,0.0,156.57692307692307
433,FI-00,FruitCatching-3,12,False,21,25.042857142857144,94,,1.0,0,4560,4560,0,12082.0,0.0,128.53191489361703
434,FI-00,FruitCatching-30,13,False,23,26.096642246642247,116,,1.0,9,5616,5616,0,12072.0,0.0,104.06896551724138
435,FI-00,FruitCatching-31,15,False,18,24.23783060803475,56,,1.0,0,2736,2736,0,12104.0,0.0,216.14285714285714
436,FI-00,FruitCatching-32,22,False,25,26.399837254919397,86,,1.0,0,4176,4176,0,12068.0,0.0,140.32558139534885
437,FI-00,FruitCatching-33,17,False,21,25.65793873193628,70,,1.0,0,3408,3408,0,12146.0,0.0,173.5142857142857
438,FI-00,FruitCatching-34,24,False,25,26.43879781420765,106,,74.0,0,5136,5136,0,12173.0,0.0,8498.132075471698
439,FI-00,FruitCatching-35,23,False,23,26.295238095238098,83,,,0,4032,4032,0,12161.0,0.0,
440,FI-00,FruitCatching-36,4,False,16,23.829108309990666,131,,1.0,11,6336,6336,0,12048.0,0.0,91.96946564885496
441,FI-00,FruitCatching-37,17,False,19,24.668020541549957,183,,1.0,0,8832,8832,0,10356.0,0.0,56.59016393442623
442,FI-00,FruitCatching-38,17,False,19,24.360229276895947,58,,1.0,0,2832,2832,0,12053.0,0.0,207.8103448275862
443,FI-00,FruitCatching-39,14,False,18,24.16617790496762,94,,9.0,0,4560,4560,0,12082.0,0.0,1156.787234042553
444,FI-00,FruitCatching-4,20,False,21,25.214707662908435,93,,1.0,0,4512,4512,0,12180.0,0.0,130.96774193548387
445,FI-00,FruitCatching-40,20,False,23,25.58236331569665,89,,1.0,0,4320,4320,0,12121.0,0.0,136.19101123595505
446,FI-00,FruitCatching-41,16,False,18,24.07738095238095,30,,1.0,0,1488,1488,0,12504.0,0.0,416.8
447,FI-00,FruitCatching-5,1,False,13,19.6646595828414,99,,1.0,11,4800,4800,0,12109.0,0.0,122.31313131313132
448,FI-00,FruitCatching-6,19,False,21,25.94696969696969,122,,84.0,0,5904,5904,0,12082.0,0.0,8318.754098360656
449,FI-00,FruitCatching-7,5,False,19,25.33044452903525,114,,1.0,19,5520,5520,0,12062.0,0.0,105.80701754385964
450,FI-00,FruitCatching-8,2,False,11,18.768000428432977,101,,3.0,19,4896,4896,0,12128.0,0.0,360.23762376237624
451,FI-00,FruitCatching-9,8,False,10,20.76667425159895,101,,1.0,0,4896,4896,0,12074.0,0.0,119.54455445544555
452,FI-50,FruitCatching-1,1,False,5,24.86538015573981,283,,14.0,33,13632,6414,7218,12075.0,52.948943661971825,597.3498233215547
453,FI-50,FruitCatching-10,2,False,5,26.54306235178089,330,,18.0,134,15888,7624,8264,12063.0,52.01409869083585,657.9818181818182
454,FI-50,FruitCatching-11,12,False,13,26.780916804881453,127,,8.0,2,6144,2962,3182,12066.0,51.790364583333336,760.0629921259842
455,FI-50,FruitCatching-12,0,False,2,20.59812114325811,578,,6.0,16,27792,13228,14564,12057.0,52.403569372481286,125.159169550173
456,FI-50,FruitCatching-13,1,False,9,16.735714285714284,173,,4.0,4,8352,4335,4017,7232.0,48.0962643678161,167.21387283236993
457,FI-50,FruitCatching-14,22,False,23,26.227272727272727,138,,38.0,0,6672,3472,3200,10748.0,47.961630695443645,2959.5942028985505
458,FI-50,FruitCatching-15,21,False,24,26.78809523809524,140,,1.0,0,6768,3526,3242,12068.0,47.90189125295508,86.2
459,FI-50,FruitCatching-16,7,False,22,26.04643571392859,100,,1.0,0,4848,2511,2337,3219.0,48.20544554455445,32.19
460,FI-50,FruitCatching-17,3,False,11,26.478105253914983,242,,1.0,27,11664,5596,6068,12071.0,52.023319615912214,49.8801652892562
461,FI-50,FruitCatching-18,9,False,13,28.998692510212592,236,,3.0,29,11376,5452,5924,12061.0,52.0745428973277,153.3177966101695
462,FI-50,FruitCatching-19,18,False,20,25.509946970752782,135,,1.0,0,6528,3439,3089,9813.0,47.31924019607843,72.6888888888889
463,FI-50,FruitCatching-2,12,False,15,24.836863593181835,112,,1.0,0,5424,2621,2803,12173.0,51.677728613569315,108.6875
464,FI-50,FruitCatching-20,20,False,21,25.613097930076098,115,,44.0,0,5568,2794,2774,12084.0,49.820402298850574,4623.44347826087
465,FI-50,FruitCatching-21,18,False,21,29.12020927915124,185,,2.0,62,8928,4382,4546,12521.0,50.918458781362006,135.36216216216218
466,FI-50,FruitCatching-22,5,False,12,26.37152492971788,277,,1.0,14,13344,6417,6927,12045.0,51.91097122302158,43.48375451263538
467,FI-50,FruitCatching-23,5,False,12,24.474246542993598,246,,1.0,17,11856,5764,6092,12093.0,51.38326585695007,49.15853658536586
468,FI-50,FruitCatching-24,17,False,18,25.104632536144926,112,,16.0,0,5424,2816,2608,12135.0,48.08259587020649,1733.5714285714284
469,FI-50,FruitCatching-25,2,False,14,25.898223229462523,198,,1.0,23,9552,4573,4979,12058.0,52.12520938023451,60.8989898989899
470,FI-50,FruitCatching-26,16,False,17,25.937787884852305,337,,1.0,0,16224,7871,8353,12054.0,51.48545364891519,35.768545994065285
471,FI-50,FruitCatching-27,17,False,20,24.848399445412934,143,,2.0,0,6912,3560,3352,12093.0,48.495370370370374,169.13286713286712
472,FI-50,FruitCatching-28,26,True,28,28.0,55,55.0,21.0,0,2688,1402,1286,5832.0,47.842261904761905,2226.7636363636366
473,FI-50,FruitCatching-29,21,False,22,28.05156723907003,145,,1.0,0,7008,3582,3426,12188.0,48.88698630136986,84.0551724137931
474,FI-50,FruitCatching-3,12,False,14,25.794965579659703,263,,1.0,2,12672,6048,6624,12132.0,52.27272727272727,46.129277566539926
475,FI-50,FruitCatching-30,13,False,16,28.32113308057378,387,,1.0,27,18624,8874,9750,12071.0,52.35180412371135,31.19121447028424
476,FI-50,FruitCatching-31,15,False,18,25.39212160809885,186,,1.0,0,8976,4350,4626,12061.0,51.537433155080215,64.84408602150538
477,FI-50,FruitCatching-32,22,False,24,26.04503927512141,138,,1.0,0,6672,3436,3236,12142.0,48.50119904076738,87.98550724637681
478,FI-50,FruitCatching-33,17,False,20,24.96805343727052,129,,5.0,0,6240,3209,3031,12096.0,48.57371794871795,468.83720930232556
479,FI-50,FruitCatching-34,24,False,24,26.244353369763207,148,,,0,7152,3706,3446,8822.0,48.182326621923934,
480,FI-50,FruitCatching-35,23,False,23,25.838199691282803,113,,,0,5472,2810,2662,8934.0,48.64766081871345,
481,FI-50,FruitCatching-36,4,False,15,24.68294176253552,254,,1.0,18,12240,5892,6348,12063.0,51.86274509803922,47.49212598425197
482,FI-50,FruitCatching-37,17,False,18,26.117554810288183,312,,1.0,0,15024,7330,7694,12104.0,51.21139510117146,38.794871794871796
483,FI-50,FruitCatching-38,17,False,18,28.16465543079925,151,,1.0,37,7296,3491,3805,12057.0,52.15186403508771,79.8476821192053
484,FI-50,FruitCatching-39,14,False,18,24.11994012931513,172,,5.0,0,8304,4306,3998,12044.0,48.14547206165704,350.1162790697674
485,FI-50,FruitCatching-4,20,False,24,26.20714285714286,110,,1.0,0,5328,2823,2505,9185.0,47.015765765765764,83.5
486,FI-50,FruitCatching-40,20,False,21,25.09902998236332,100,,1.0,0,4848,2503,2345,11827.0,48.37046204620462,118.27
487,FI-50,FruitCatching-41,16,False,18,24.161109060333867,64,,13.0,0,3120,1632,1488,12116.0,47.69230769230769,2461.0625
488,FI-50,FruitCatching-5,1,False,9,24.944256565975916,483,,1.0,62,23232,11100,12132,12060.0,52.22107438016529,24.968944099378884
489,FI-50,FruitCatching-6,19,False,19,26.62882405961633,246,,,0,11856,5668,6188,12052.0,52.19298245614035,
490,FI-50,FruitCatching-7,5,False,14,28.224488321621525,209,,1.0,34,10080,4884,5196,12108.0,51.547619047619044,57.933014354066984
491,FI-50,FruitCatching-8,2,False,3,26.511735006900828,272,,34.0,30,13104,6250,6854,12129.0,52.304639804639805,1516.125
492,FI-50,FruitCatching-9,8,False,20,24.775097898544228,190,,1.0,7,9168,4751,4417,12068.0,48.17844677137871,63.51578947368421
493,FI-70,FruitCatching-1,1,False,6,20.24796077800401,286,,59.0,29,13776,4027,9749,12053.0,70.76800232288038,2486.458041958042
494,FI-70,FruitCatching-10,2,False,2,25.33795289047545,280,,,12,13488,3859,9629,12054.0,71.3893831553974,
495,FI-70,FruitCatching-11,12,False,14,27.66276185925998,222,,62.0,9,10704,3165,7539,12100.0,70.43161434977578,3379.279279279279
496,FI-70,FruitCatching-12,0,False,2,20.809185965757287,270,,4.0,61,13008,3757,9251,12091.0,71.11777367773678,179.12592592592594
497,FI-70,FruitCatching-13,1,False,8,21.193601486390044,269,,13.0,18,12960,3707,9253,12133.0,71.39660493827161,586.3531598513011
498,FI-70,FruitCatching-14,22,False,22,25.977272727272727,100,,,0,4848,1628,3220,5160.0,66.41914191419141,
499,FI-70,FruitCatching-15,21,False,22,26.20511253589795,103,,3.0,0,4992,1559,3433,5083.0,68.77003205128204,148.04854368932038
500,FI-70,FruitCatching-16,7,False,23,28.6653704515108,241,,1.0,4,11616,3616,8000,12097.0,68.87052341597796,50.19502074688797
501,FI-70,FruitCatching-17,3,False,11,24.465672670923052,238,,1.0,3,11472,3349,8123,9332.0,70.80718270571828,39.21008403361344
502,FI-70,FruitCatching-18,9,False,15,27.354685298982915,274,,3.0,7,13200,3768,9432,12063.0,71.45454545454545,132.07664233576642
503,FI-70,FruitCatching-19,18,False,20,27.313529036396165,170,,1.0,0,8208,2510,5698,12142.0,69.42007797270955,71.4235294117647
504,FI-70,FruitCatching-2,12,False,16,23.69536716242797,154,,17.0,0,7440,2356,5084,12127.0,68.33333333333333,1338.6948051948052
505,FI-70,FruitCatching-20,20,False,20,25.30992063492064,111,,,0,5376,1770,3606,7353.0,67.07589285714286,
506,FI-70,FruitCatching-21,18,False,23,29.83727368437641,225,,2.0,138,10848,3299,7549,12083.0,69.58886430678466,107.40444444444445
507,FI-70,FruitCatching-22,5,False,11,29.50781016359529,267,,1.0,14,12864,3733,9131,12093.0,70.98103233830845,45.29213483146067
508,FI-70,FruitCatching-23,5,False,11,27.891066764926727,151,,1.0,28,7296,2144,5152,12134.0,70.6140350877193,80.35761589403974
509,FI-70,FruitCatching-24,17,False,17,25.42268558547731,114,,,0,5520,1752,3768,12152.0,68.26086956521739,
510,FI-70,FruitCatching-25,2,False,11,26.20037854147016,157,,1.0,21,7584,2159,5425,12128.0,71.53217299578058,77.2484076433121
511,FI-70,FruitCatching-26,16,False,17,26.09389689041911,241,,7.0,0,11616,3310,8306,12057.0,71.5048209366391,350.2033195020747
512,FI-70,FruitCatching-27,17,False,18,26.67114503623401,213,,1.0,70,10272,3134,7138,12097.0,69.4898753894081,56.79342723004695
513,FI-70,FruitCatching-28,26,False,26,27.504761904761907,100,,,0,4848,1565,3283,6417.0,67.71864686468648,
514,FI-70,FruitCatching-29,21,False,21,25.627711323763958,194,,,0,9360,3054,6306,11958.0,67.37179487179488,
515,FI-70,FruitCatching-3,12,False,14,25.198249887299475,165,,1.0,2,7968,2164,5804,12213.0,72.84136546184739,74.01818181818182
516,FI-70,FruitCatching-30,13,False,16,26.19905697770792,241,,1.0,4,11616,3353,8263,12051.0,71.13464187327824,50.004149377593365
517,FI-70,FruitCatching-31,15,False,16,26.36459393810268,115,,1.0,13,5568,1625,3943,12066.0,70.81537356321839,104.92173913043479
518,FI-70,FruitCatching-32,22,False,23,25.71242966655338,144,,1.0,0,6960,2260,4700,7116.0,67.52873563218391,49.416666666666664
519,FI-70,FruitCatching-33,17,False,18,24.637345679012345,133,,1.0,0,6432,2070,4362,11286.0,67.81716417910447,84.85714285714285
520,FI-70,FruitCatching-34,24,False,25,26.43879781420765,220,,57.0,0,10608,3470,7138,12074.0,67.28883861236802,3128.2636363636366
521,FI-70,FruitCatching-35,23,False,23,26.295238095238098,171,,,0,8256,2716,5540,10153.0,67.10271317829456,
522,FI-70,FruitCatching-36,4,False,11,28.311668085483497,260,,1.0,26,12528,3587,8941,12061.0,71.36813537675607,46.38846153846154
523,FI-70,FruitCatching-37,17,False,18,27.776220822943664,252,,3.0,97,12144,3494,8650,12051.0,71.22859025032938,143.4642857142857
524,FI-70,FruitCatching-38,17,False,18,28.17543322253583,219,,7.0,49,10560,3048,7512,12096.0,71.13636363636363,386.63013698630135
525,FI-70,FruitCatching-39,14,False,15,24.197895690458004,239,,1.0,0,11520,3369,8151,12052.0,70.75520833333333,50.42677824267782
526,FI-70,FruitCatching-4,20,False,20,27.494509306705,233,,,2,11232,3298,7934,12107.0,70.63746438746439,
527,FI-70,FruitCatching-40,20,False,21,25.09902998236332,106,,6.0,0,5136,1741,3395,5731.0,66.10202492211839,324.39622641509436
528,FI-70,FruitCatching-41,16,False,17,23.68231922398589,105,,1.0,0,5088,1681,3407,7580.0,66.96147798742138,72.1904761904762
529,FI-70,FruitCatching-5,1,False,9,25.77753679927084,259,,1.0,24,12480,3574,8906,12063.0,71.36217948717949,46.575289575289574
530,FI-70,FruitCatching-6,19,False,20,26.72412470227041,248,,2.0,0,11952,3441,8511,12054.0,71.20983935742971,97.20967741935483
531,FI-70,FruitCatching-7,5,False,7,29.53207836757474,154,,2.0,34,7440,2111,5329,12068.0,71.6263440860215,156.72727272727275
532,FI-70,FruitCatching-8,2,False,5,19.884465120392115,260,,8.0,15,12528,3615,8913,12045.0,71.14463601532567,370.61538461538464
533,FI-70,FruitCatching-9,8,False,14,27.36821455339519,252,,1.0,31,12144,3466,8678,12054.0,71.45915678524374,47.83333333333333
534,TO-50,FruitCatching-1,1,False,12,19.642092745722376,213,,4.0,35,10272,5372,4900,12056.0,47.702492211838006,226.4037558685446
535,TO-50,FruitCatching-10,2,False,11,20.66111111111111,279,,85.0,92,13440,6989,6451,12091.0,47.998511904761905,3683.637992831541
536,TO-50,FruitCatching-11,12,False,18,23.064905356081827,165,,6.0,0,7968,4183,3785,12097.0,47.502510040160644,439.8909090909091
537,TO-50,FruitCatching-12,0,False,3,16.0,138,,2.0,24,6672,3197,3475,5824.0,52.083333333333336,84.40579710144928
538,TO-50,FruitCatching-13,1,False,13,20.184523809523807,260,,2.0,31,12528,6490,6038,12060.0,48.19604086845466,92.76923076923077
539,TO-50,FruitCatching-14,22,False,22,25.977272727272727,100,,,0,4848,2537,2311,7628.0,47.66914191419142,
540,TO-50,FruitCatching-15,21,False,21,25.96979507558049,159,,,0,7680,4019,3661,12073.0,47.669270833333336,
541,TO-50,FruitCatching-16,7,False,25,26.92143313540873,208,,1.0,0,10032,5330,4702,10457.0,46.870015948963314,50.27403846153847
542,TO-50,FruitCatching-17,3,False,18,24.20861391694725,226,,1.0,31,10896,5611,5285,12119.0,48.50403817914831,53.623893805309734
543,TO-50,FruitCatching-18,9,False,21,25.65617776377098,157,,1.0,4,7584,3995,3589,12134.0,47.32331223628692,77.28662420382166
544,TO-50,FruitCatching-19,18,False,21,25.617348519311296,146,,1.0,0,7056,3639,3417,12120.0,48.42687074829932,83.01369863013699
545,TO-50,FruitCatching-2,12,False,17,23.63569847925194,150,,1.0,0,7248,3840,3408,12164.0,47.019867549668874,81.09333333333333
546,TO-50,FruitCatching-20,20,False,21,25.459457671957672,116,,71.0,0,5616,2875,2741,12168.0,48.80698005698006,7447.655172413793
547,TO-50,FruitCatching-21,18,False,21,25.58862433862434,119,,1.0,0,5760,3016,2744,7943.0,47.638888888888886,66.74789915966386
548,TO-50,FruitCatching-22,5,False,19,24.03228778205093,139,,1.0,29,6720,3489,3231,12105.0,48.080357142857146,87.08633093525181
549,TO-50,FruitCatching-23,5,False,14,22.75140609709575,197,,1.0,46,9504,4952,4552,12118.0,47.8956228956229,61.512690355329944
550,TO-50,FruitCatching-24,17,False,18,24.050323897461748,130,,40.0,0,6288,3245,3043,12125.0,48.39376590330789,3730.769230769231
551,TO-50,FruitCatching-25,2,False,12,22.0,127,,1.0,7,6144,3009,3135,8353.0,51.025390625,65.77165354330708
552,TO-50,FruitCatching-26,16,False,20,24.679671244277987,216,,1.0,0,10416,5515,4901,12054.0,47.0526113671275,55.80555555555555
553,TO-50,FruitCatching-27,17,False,18,23.609069639416457,48,,1.0,0,2352,1189,1163,,49.447278911564624,
554,TO-50,FruitCatching-28,26,False,26,27.504761904761907,100,,,0,4848,2449,2399,9054.0,49.48432343234324,
555,TO-50,FruitCatching-29,21,False,23,26.3284632034632,163,,1.0,0,7872,4037,3835,12071.0,48.71697154471545,74.05521472392638
556,TO-50,FruitCatching-3,12,False,18,24.114952216729463,217,,1.0,0,10464,5405,5059,12076.0,48.3467125382263,55.64976958525346
557,TO-50,FruitCatching-30,13,False,17,25.0,187,,1.0,8,9024,4543,4481,12057.0,49.656471631205676,64.475935828877
558,TO-50,FruitCatching-31,15,False,17,24.00402152790779,126,,1.0,0,6096,3179,2917,12076.0,47.8510498687664,95.84126984126983
559,TO-50,FruitCatching-32,22,False,23,25.71170594178808,100,,1.0,0,4848,2528,2320,5882.0,47.85478547854785,58.82
560,TO-50,FruitCatching-33,17,False,19,25.126984126984127,121,,1.0,0,5856,3069,2787,12050.0,47.5922131147541,99.58677685950414
561,TO-50,FruitCatching-34,24,False,24,26.243583724569643,128,,,0,6192,3166,3026,7525.0,48.86950904392765,
562,TO-50,FruitCatching-35,23,False,23,26.152380952380955,103,,,0,4992,2582,2410,7856.0,48.27724358974359,
563,TO-50,FruitCatching-36,4,False,12,21.916122383912917,156,,1.0,14,7536,3910,3626,8668.0,48.115711252653924,55.56410256410256
564,TO-50,FruitCatching-37,17,False,21,24.9749533146592,236,,18.0,0,11376,5904,5472,12080.0,48.10126582278481,921.3559322033899
565,TO-50,FruitCatching-38,17,False,19,25.169179894179894,80,,1.0,0,3888,2086,1802,12083.0,46.3477366255144,151.0375
566,TO-50,FruitCatching-39,14,False,16,23.390366710931566,152,,1.0,0,7344,3839,3505,12104.0,47.7260348583878,79.63157894736841
567,TO-50,FruitCatching-4,20,False,21,25.123809523809527,100,,1.0,0,4848,2504,2344,6453.0,48.349834983498354,64.53
568,TO-50,FruitCatching-40,20,False,22,25.396649029982367,173,,1.0,0,8352,4368,3984,12106.0,47.701149425287355,69.97687861271676
569,TO-50,FruitCatching-41,16,False,19,24.20590783849831,88,,1.0,0,4272,2240,2032,12121.0,47.565543071161045,137.73863636363637
570,TO-50,FruitCatching-5,1,False,12,19.1646595828414,126,,1.0,0,6096,3227,2869,7177.0,47.063648293963254,56.960317460317455
571,TO-50,FruitCatching-6,19,False,21,25.770779220779215,67,,33.0,0,3264,1678,1586,4439.0,48.59068627450981,2186.373134328358
572,TO-50,FruitCatching-7,5,False,10,20.67328519218745,145,,1.0,0,7008,3662,3346,12056.0,47.74543378995434,83.1448275862069
573,TO-50,FruitCatching-8,2,False,9,18.55966781540409,208,,1.0,23,10032,5237,4795,12062.0,47.797049441786285,57.99038461538462
574,TO-50,FruitCatching-9,8,False,18,25.00421619359344,172,,1.0,13,8304,4396,3908,12063.0,47.0616570327553,70.13372093023256
575,TO-70,FruitCatching-1,1,False,1,16.0,168,,,21,8112,2335,5777,5953.0,71.215483234714,
576,TO-70,FruitCatching-10,2,False,10,19.93730158730159,215,,24.0,41,10368,3391,6977,8851.0,67.29359567901234,988.0186046511628
577,TO-70,FruitCatching-11,12,False,14,21.96071428571428,173,,38.0,0,8352,2714,5638,10432.0,67.50478927203065,2291.421965317919
578,TO-70,FruitCatching-12,0,False,2,16.0,236,,3.0,41,11376,3304,8072,3958.0,70.9563994374121,50.3135593220339
579,TO-70,FruitCatching-13,1,False,8,16.59285714285714,114,,12.0,12,5520,1837,3683,4478.0,66.72101449275362,471.36842105263156
580,TO-70,FruitCatching-14,22,False,23,25.977272727272727,100,,68.0,0,4848,1607,3241,5070.0,66.85231023102311,3447.6000000000004
581,TO-70,FruitCatching-15,21,False,22,26.211465721040188,136,,1.0,0,6576,2170,4406,7335.0,67.00121654501217,53.93382352941176
582,TO-70,FruitCatching-16,7,False,23,26.1,100,,1.0,0,4848,1553,3295,4245.0,67.96617161716172,42.45
583,TO-70,FruitCatching-17,3,False,10,24.0,128,,1.0,18,6192,1800,4392,5081.0,70.93023255813954,39.6953125
584,TO-70,FruitCatching-18,9,False,13,26.0,160,,1.0,7,7728,2202,5526,9653.0,71.50621118012423,60.331250000000004
585,TO-70,FruitCatching-19,18,False,19,25.12102881089625,174,,1.0,0,8400,2789,5611,9941.0,66.79761904761905,57.132183908045974
586,TO-70,FruitCatching-2,12,False,15,23.40589248277928,113,,13.0,0,5472,1776,3696,6770.0,67.54385964912281,778.8495575221239
587,TO-70,FruitCatching-20,20,False,21,25.52226631393298,133,,33.0,0,6432,2167,4265,8263.0,66.30907960199005,2050.218045112782
588,TO-70,FruitCatching-21,18,False,21,25.54695767195767,206,,1.0,0,9936,3277,6659,10351.0,67.01892109500805,50.24757281553398
589,TO-70,FruitCatching-22,5,False,13,22.66330687830688,255,,1.0,31,12288,3949,8339,12069.0,67.86295572916666,47.32941176470588
590,TO-70,FruitCatching-23,5,False,14,22.750922742834508,223,,14.0,24,10752,3507,7245,12048.0,67.3828125,756.3766816143498
591,TO-70,FruitCatching-24,17,False,19,24.4635946833344,171,,70.0,0,8256,2709,5547,12041.0,67.1875,4929.06432748538
592,TO-70,FruitCatching-25,2,False,16,24.019047619047612,245,,1.0,43,11808,3681,8127,12143.0,68.82621951219512,49.56326530612245
593,TO-70,FruitCatching-26,16,False,18,23.87588870110295,253,,1.0,0,12192,4000,8192,12035.0,67.19160104986877,47.569169960474305
594,TO-70,FruitCatching-27,17,False,20,24.68972077305411,216,,80.0,0,10416,3441,6975,11521.0,66.96428571428571,4267.0370370370365
595,TO-70,FruitCatching-28,26,False,26,27.433333333333334,100,,,0,4848,1596,3252,6255.0,67.07920792079209,
596,TO-70,FruitCatching-29,21,False,23,26.28560606060606,189,,89.0,0,9120,2997,6123,10564.0,67.13815789473684,4974.58201058201
597,TO-70,FruitCatching-3,12,False,20,24.83571428571429,164,,1.0,0,7920,2625,5295,12096.0,66.85606060606061,73.75609756097562
598,TO-70,FruitCatching-30,13,False,19,25.0,252,,1.0,13,12144,3666,8478,12046.0,69.81225296442688,47.8015873015873
599,TO-70,FruitCatching-31,15,False,17,23.781396287328487,125,,1.0,0,6048,2023,4025,8404.0,66.55092592592592,67.232
600,TO-70,FruitCatching-32,22,False,23,25.71170594178808,127,,27.0,0,6144,2073,4071,6941.0,66.259765625,1475.6456692913387
601,TO-70,FruitCatching-33,17,False,18,24.44680542100641,182,,1.0,0,8784,2951,5833,11786.0,66.40482695810564,64.75824175824177
602,TO-70,FruitCatching-34,24,False,24,26.428921270997773,176,,,0,8496,2776,5720,8921.0,67.32580037664783,
603,TO-70,FruitCatching-35,23,False,23,26.152380952380955,197,,,0,9504,3114,6390,11790.0,67.23484848484848,
604,TO-70,FruitCatching-36,4,False,10,21.0,183,,1.0,3,8832,2600,6232,8065.0,70.56159420289855,44.07103825136612
605,TO-70,FruitCatching-37,17,False,18,26.0,206,,7.0,0,9936,3077,6859,7309.0,69.0318035426731,248.3640776699029
606,TO-70,FruitCatching-38,17,False,18,25.0,131,,1.0,0,6336,1930,4406,7651.0,69.53914141414141,58.404580152671755
607,TO-70,FruitCatching-39,14,False,15,23.365178224553222,225,,122.0,0,10848,3547,7301,12044.0,67.30272861356931,6530.524444444445
608,TO-70,FruitCatching-4,20,False,20,24.97380952380953,100,,,0,4848,1549,3299,6541.0,68.04867986798679,
609,TO-70,FruitCatching-40,20,False,21,25.126807760141094,121,,21.0,0,5856,1897,3959,6638.0,67.60587431693989,1152.0495867768595
610,TO-70,FruitCatching-41,16,False,17,23.82738095238095,114,,14.0,0,5520,1775,3745,8851.0,67.84420289855072,1086.9649122807016
611,TO-70,FruitCatching-5,1,False,10,17.664659582841402,198,,1.0,0,9552,3197,6355,8917.0,66.53056951423785,45.035353535353536
612,TO-70,FruitCatching-6,19,False,19,25.08588460719608,100,,,0,4848,1602,3246,7921.0,66.95544554455446,
613,TO-70,FruitCatching-7,5,False,15,23.605169484234523,250,,1.0,91,12048,3974,8074,8483.0,67.01527224435591,33.932
614,TO-70,FruitCatching-8,2,False,9,17.928711484593837,160,,3.0,3,7728,2532,5196,9030.0,67.2360248447205,169.3125
615,TO-70,FruitCatching-9,8,False,16,24.71388888888889,375,,1.0,187,18048,6024,12024,12034.0,66.62234042553192,32.090666666666664
616,FI-00,FruitCatching-1,1,False,10,17.994366635543106,116,,10.0,10,5616,5616,0,12110.0,0.0,1043.9655172413793
617,FI-00,FruitCatching-10,2,False,11,20.414285714285715,130,,10.0,14,6288,6288,0,12076.0,0.0,928.923076923077
618,FI-00,FruitCatching-11,12,False,19,23.75595238095238,74,,1.0,0,3600,3600,0,12165.0,0.0,164.3918918918919
619,FI-00,FruitCatching-12,0,False,3,14.43546318504916,165,,1.0,0,7968,7968,0,12077.0,0.0,73.19393939393939
620,FI-00,FruitCatching-13,1,False,8,17.09285714285714,135,,6.0,6,6528,6528,0,12095.0,0.0,537.5555555555555
621,FI-00,FruitCatching-14,22,False,22,25.977272727272727,62,,,0,3024,3024,0,12192.0,0.0,
622,FI-00,FruitCatching-15,21,False,23,26.467017297802716,76,,1.0,0,3696,3696,0,12139.0,0.0,159.7236842105263
623,FI-00,FruitCatching-16,7,False,25,27.1,100,,1.0,0,4848,4848,0,8996.0,0.0,89.96000000000001
624,FI-00,FruitCatching-17,3,False,16,23.62202002448529,180,,1.0,23,8688,8688,0,12056.0,0.0,66.97777777777777
625,FI-00,FruitCatching-18,9,False,22,25.58810016236005,92,,1.0,16,4464,4464,0,12158.0,0.0,132.15217391304347
626,FI-00,FruitCatching-19,18,False,19,25.297158088824755,74,,1.0,0,3600,3600,0,12207.0,0.0,164.95945945945948
627,FI-00,FruitCatching-2,12,False,16,23.54795597484277,64,,1.0,0,3120,3120,0,12155.0,0.0,189.921875
628,FI-00,FruitCatching-20,20,False,20,25.348809523809525,68,,,0,3312,3312,0,12141.0,0.0,
629,FI-00,FruitCatching-21,18,False,22,25.629365079365083,59,,1.0,0,2880,2880,0,12229.0,0.0,207.27118644067798
630,FI-00,FruitCatching-22,5,False,17,24.23677515362643,96,,1.0,4,4656,4656,0,12134.0,0.0,126.39583333333333
631,FI-00,FruitCatching-23,5,False,16,22.86119825425633,72,,1.0,16,3504,3504,0,12081.0,0.0,167.79166666666666
632,FI-00,FruitCatching-24,17,False,18,24.63810604357353,61,,5.0,0,2976,2976,0,12086.0,0.0,990.655737704918
633,FI-00,FruitCatching-25,2,False,13,20.58545296743867,92,,1.0,4,4464,4464,0,12073.0,0.0,131.22826086956522
634,FI-00,FruitCatching-26,16,False,22,25.1,78,,2.0,0,3792,3792,0,12112.0,0.0,310.56410256410254
635,FI-00,FruitCatching-27,17,False,19,23.859069639416457,64,,1.0,0,3120,3120,0,12205.0,0.0,190.703125
636,FI-00,FruitCatching-28,26,False,26,27.504761904761907,43,,,0,2112,2112,0,12262.0,0.0,
637,FI-00,FruitCatching-29,21,False,21,25.80227272727273,64,,,0,3120,3120,0,12108.0,0.0,
638,FI-00,FruitCatching-3,12,False,19,24.985870246387595,118,,1.0,0,5712,5712,0,12110.0,0.0,102.62711864406779
639,FI-00,FruitCatching-30,13,False,21,25.271834558538927,81,,1.0,10,3936,3936,0,12128.0,0.0,149.72839506172838
640,FI-00,FruitCatching-31,15,False,17,23.99622250423344,63,,1.0,0,3072,3072,0,12197.0,0.0,193.60317460317458
641,FI-00,FruitCatching-32,22,False,23,25.71170594178808,90,,1.0,0,4368,4368,0,12065.0,0.0,134.05555555555557
642,FI-00,FruitCatching-33,17,False,20,25.058354575508176,50,,11.0,0,2448,2448,0,12185.0,0.0,2680.7
643,FI-00,FruitCatching-34,24,False,24,26.39558793766444,88,,,0,4272,4272,0,12159.0,0.0,
644,FI-00,FruitCatching-35,23,False,23,26.152380952380955,73,,,0,3552,3552,0,12183.0,0.0,
645,FI-00,FruitCatching-36,4,False,18,24.37304255035347,93,,1.0,30,4512,4512,0,12115.0,0.0,130.2688172043011
646,FI-00,FruitCatching-37,17,False,21,25.504131652661066,145,,1.0,0,7008,7008,0,12135.0,0.0,83.6896551724138
647,FI-00,FruitCatching-38,17,False,19,24.5343137254902,50,,4.0,0,2448,2448,0,12102.0,0.0,968.16
648,FI-00,FruitCatching-39,14,False,19,23.98224394061649,72,,1.0,0,3504,3504,0,12180.0,0.0,169.16666666666666
649,FI-00,FruitCatching-4,20,False,21,25.195238095238096,66,,1.0,0,3216,3216,0,12088.0,0.0,183.15151515151516
650,FI-00,FruitCatching-40,20,False,22,25.829629629629636,67,,1.0,0,3264,3264,0,12127.0,0.0,181.0
651,FI-00,FruitCatching-41,16,False,17,23.856922398589063,37,,6.0,0,1824,1824,0,12129.0,0.0,1966.864864864865
652,FI-00,FruitCatching-5,1,False,13,19.219423726708374,112,,10.0,41,5424,5424,0,12085.0,0.0,1079.017857142857
653,FI-00,FruitCatching-6,19,False,20,25.685064935064936,135,,1.0,0,6528,6528,0,12069.0,0.0,89.4
654,FI-00,FruitCatching-7,5,False,12,22.063494746304062,22,,1.0,2,1104,1104,0,5116.0,0.0,232.54545454545456
655,FI-00,FruitCatching-8,2,False,14,22.582971648205906,149,,5.0,65,7200,7200,0,12118.0,0.0,406.6442953020134
656,FI-00,FruitCatching-9,8,False,9,20.528573682988394,92,,1.0,0,4464,4464,0,12101.0,0.0,131.53260869565216
657,FI-50,FruitCatching-1,1,False,5,20.811970485215863,181,,122.0,40,8736,4199,4537,12073.0,51.93452380952381,8137.602209944752
658,FI-50,FruitCatching-10,2,False,5,23.71033578508672,406,,398.0,18,19536,9309,10227,9954.0,52.349508599508596,9757.862068965518
659,FI-50,FruitCatching-11,12,False,13,28.759451354612917,156,,1.0,55,7536,3599,3937,12075.0,52.24256900212314,77.40384615384615
660,FI-50,FruitCatching-12,0,False,2,19.43929663688584,243,,1.0,3,11712,5603,6109,4744.0,52.16017759562842,19.52263374485597
661,FI-50,FruitCatching-13,1,False,8,21.90058025497876,506,,11.0,48,24336,11754,12582,12135.0,51.70118343195266,263.80434782608694
662,FI-50,FruitCatching-14,22,False,22,26.027272727272727,141,,,0,6816,3557,3259,11012.0,47.81396713615024,
663,FI-50,FruitCatching-15,21,False,23,26.53844586923128,118,,5.0,0,5712,3002,2710,12229.0,47.443977591036415,518.1779661016949
664,FI-50,FruitCatching-16,7,False,23,26.475,101,,1.0,1,4896,2527,2369,3135.0,48.38643790849673,31.03960396039604
665,FI-50,FruitCatching-17,3,False,11,27.78192710999974,319,,1.0,27,15360,7303,8057,12161.0,52.454427083333336,38.122257053291534
666,FI-50,FruitCatching-18,9,False,22,25.94722714522644,114,,1.0,2,5520,2820,2700,12108.0,48.91304347826087,106.21052631578947
667,FI-50,FruitCatching-19,18,False,22,26.1397517279414,144,,1.0,0,6960,3580,3380,11430.0,48.56321839080459,79.375
668,FI-50,FruitCatching-2,12,False,15,23.452720104759152,121,,2.0,0,5856,3069,2787,11832.0,47.5922131147541,195.5702479338843
669,FI-50,FruitCatching-20,20,False,20,25.348809523809525,100,,,0,4848,2509,2339,11285.0,48.246699669967,
670,FI-50,FruitCatching-21,18,False,21,25.587698412698412,100,,1.0,0,4848,2527,2321,7524.0,47.87541254125413,75.24
671,FI-50,FruitCatching-22,5,False,13,27.29737131544085,386,,1.0,23,18576,9011,9565,12050.0,51.4911714039621,31.21761658031088
672,FI-50,FruitCatching-23,5,False,12,27.416345622256472,338,,1.0,37,16272,7774,8498,12044.0,52.22468043264503,35.633136094674555
673,FI-50,FruitCatching-24,17,False,17,24.491372457850268,98,,,0,4752,2471,2281,12154.0,48.00084175084175,
674,FI-50,FruitCatching-25,2,False,11,27.465193011522828,394,,1.0,26,18960,9050,9910,12037.0,52.267932489451475,30.550761421319795
675,FI-50,FruitCatching-26,16,False,17,25.45694570077733,180,,16.0,0,8688,4222,4466,12136.0,51.40423572744015,1078.7555555555557
676,FI-50,FruitCatching-27,17,False,19,25.33189807120125,136,,1.0,0,6576,3170,3406,12079.0,51.79440389294404,88.81617647058823
677,FI-50,FruitCatching-28,26,False,26,27.454761904761902,101,,,0,4896,2543,2353,9939.0,48.05964052287582,
678,FI-50,FruitCatching-29,21,False,24,27.054891626818097,149,,9.0,0,7200,3655,3545,12079.0,49.236111111111114,729.6040268456376
679,FI-50,FruitCatching-3,12,False,15,25.1554822994488,281,,1.0,0,13536,6468,7068,12074.0,52.21631205673759,42.96797153024911
680,FI-50,FruitCatching-30,13,False,16,25.899417972623088,171,,1.0,45,8256,3890,4366,12141.0,52.882751937984494,71.0
681,FI-50,FruitCatching-31,15,False,17,27.020600847517592,137,,1.0,10,6624,3236,3388,12086.0,51.14734299516909,88.21897810218978
682,FI-50,FruitCatching-32,22,False,23,25.71170594178808,100,,1.0,0,4848,2556,2292,7781.0,47.277227722772274,77.81
683,FI-50,FruitCatching-33,17,False,19,24.73769841269841,115,,2.0,0,5568,2839,2729,12161.0,49.01221264367816,211.49565217391304
684,FI-50,FruitCatching-34,24,False,25,26.43879781420765,171,,71.0,0,8256,4333,3923,12082.0,47.51695736434108,5016.502923976608
685,FI-50,FruitCatching-35,23,False,23,26.152380952380955,146,,,0,7056,3648,3408,12072.0,48.29931972789115,
686,FI-50,FruitCatching-36,4,False,15,24.393689430080364,224,,1.0,3,10800,5352,5448,12056.0,50.44444444444445,53.82142857142857
687,FI-50,FruitCatching-37,17,False,18,27.7363097646716,187,,2.0,92,9024,4363,4661,12096.0,51.6511524822695,129.36898395721926
688,FI-50,FruitCatching-38,17,False,20,25.560011562024595,117,,4.0,0,5664,2947,2717,12104.0,47.96963276836158,413.8119658119659
689,FI-50,FruitCatching-39,14,False,15,24.16250671501342,124,,1.0,0,6000,2864,3136,12058.0,52.26666666666666,97.24193548387096
690,FI-50,FruitCatching-4,20,False,21,28.463002906318508,176,,1.0,17,8496,4051,4445,12094.0,52.318738229755176,68.7159090909091
691,FI-50,FruitCatching-40,20,False,23,25.97700617283951,138,,1.0,0,6672,3471,3201,12171.0,47.976618705035975,88.19565217391305
692,FI-50,FruitCatching-41,16,False,17,23.85071849446849,75,,36.0,0,3648,1894,1754,12169.0,48.08114035087719,5841.12
693,FI-50,FruitCatching-5,1,False,1,21.869610368527,340,,,21,16368,7926,8442,12074.0,51.57624633431085,
694,FI-50,FruitCatching-6,19,False,20,25.98131949462428,37,,1.0,0,1824,891,933,3592.0,51.151315789473685,97.08108108108108
695,FI-50,FruitCatching-7,5,False,13,26.969130886336806,150,,1.0,41,7248,3471,3777,12065.0,52.11092715231788,80.43333333333334
696,FI-50,FruitCatching-8,2,False,4,28.255708975020795,447,,1.0,37,21504,10340,11164,12101.0,51.91592261904761,27.07158836689038
697,FI-50,FruitCatching-9,8,False,11,24.988401354291053,181,,16.0,14,8736,4155,4581,12073.0,52.43818681318682,1067.2265193370165
698,FI-70,FruitCatching-1,1,False,2,24.292214165111567,592,,326.0,61,28464,8198,20266,12062.0,71.19870713884204,6642.25
699,FI-70,FruitCatching-10,2,False,3,24.884073603498383,435,,271.0,20,20928,6002,14926,11032.0,71.32071865443424,6872.809195402298
700,FI-70,FruitCatching-11,12,False,13,28.7915025455502,130,,1.0,37,6288,1866,4422,12063.0,70.32442748091603,92.7923076923077
701,FI-70,FruitCatching-12,0,False,2,19.071353384864224,302,,57.0,12,14544,4229,10315,11314.0,70.92271727172718,2135.4238410596026
702,FI-70,FruitCatching-13,1,False,6,20.39460683328754,289,,17.0,9,13920,4101,9819,12079.0,70.53879310344827,710.5294117647059
703,FI-70,FruitCatching-14,22,False,24,26.577272727272728,124,,24.0,0,6000,1967,4033,7382.0,67.21666666666667,1428.774193548387
704,FI-70,FruitCatching-15,21,False,22,28.7008516668827,203,,5.0,5,9792,3037,6755,12074.0,68.98488562091504,297.38916256157637
705,FI-70,FruitCatching-16,7,False,25,27.1,214,,1.0,4,10320,3336,6984,7465.0,67.67441860465117,34.88317757009346
706,FI-70,FruitCatching-17,3,False,11,28.455441663874183,338,,1.0,31,16272,4637,11635,12084.0,71.50319567354965,35.751479289940825
707,FI-70,FruitCatching-18,9,False,16,28.670376425289952,201,,1.0,16,9696,2748,6948,12069.0,71.65841584158416,60.04477611940298
708,FI-70,FruitCatching-19,18,False,19,28.093674041177223,219,,1.0,76,10560,3096,7464,12066.0,70.68181818181817,55.0958904109589
709,FI-70,FruitCatching-2,12,False,17,23.65390835579515,147,,1.0,0,7104,2418,4686,9715.0,65.96283783783784,66.08843537414965
710,FI-70,FruitCatching-20,20,False,20,25.348809523809525,160,,,0,7728,2555,5173,11630.0,66.93840579710145,
711,FI-70,FruitCatching-21,18,False,21,25.587698412698412,100,,1.0,0,4848,1603,3245,5110.0,66.93481848184818,51.1
712,FI-70,FruitCatching-22,5,False,10,28.42097012816938,224,,1.0,35,10800,3159,7641,12119.0,70.75,54.10267857142857
713,FI-70,FruitCatching-23,5,False,8,26.18062729995571,254,,1.0,29,12240,3532,8708,12109.0,71.14379084967321,47.67322834645669
714,FI-70,FruitCatching-24,17,False,17,25.370236061679684,168,,,0,8112,2559,5553,12135.0,68.45414201183432,
715,FI-70,FruitCatching-25,2,False,9,25.63983348559979,173,,1.0,15,8352,2448,5904,12096.0,70.6896551724138,69.91907514450867
716,FI-70,FruitCatching-26,16,False,17,26.03268998604332,194,,1.0,78,9360,2966,6394,12119.0,68.31196581196582,62.46907216494845
717,FI-70,FruitCatching-27,17,False,19,25.46847229970356,195,,4.0,0,9408,2826,6582,12114.0,69.96173469387756,248.4923076923077
718,FI-70,FruitCatching-28,26,False,26,27.454761904761902,113,,,0,5472,1880,3592,7092.0,65.64327485380117,
719,FI-70,FruitCatching-29,21,False,22,25.952272727272728,109,,9.0,0,5280,1721,3559,6479.0,67.40530303030303,534.9633027522937
720,FI-70,FruitCatching-3,12,False,15,25.222394280970303,158,,1.0,0,7632,2138,5494,12075.0,71.98637316561845,76.42405063291139
721,FI-70,FruitCatching-30,13,False,19,28.50418932532905,204,,1.0,44,9840,2953,6887,12084.0,69.989837398374,59.23529411764706
722,FI-70,FruitCatching-31,15,False,16,26.35902638066753,155,,1.0,2,7488,2126,5362,12070.0,71.60790598290599,77.87096774193549
723,FI-70,FruitCatching-32,22,False,23,25.71170594178808,100,,1.0,0,4848,1592,3256,6132.0,67.16171617161716,61.32
724,FI-70,FruitCatching-33,17,False,18,24.65079365079365,167,,3.0,0,8064,2656,5408,11817.0,67.06349206349206,212.28143712574848
725,FI-70,FruitCatching-34,24,False,24,26.244353369763207,174,,,0,8400,2730,5670,10692.0,67.5,
726,FI-70,FruitCatching-35,23,False,23,26.152380952380955,100,,,0,4848,1627,3221,5581.0,66.4397689768977,
727,FI-70,FruitCatching-36,4,False,10,26.243894178676516,193,,1.0,31,9312,2730,6582,12065.0,70.68298969072166,62.51295336787565
728,FI-70,FruitCatching-37,17,False,18,25.42791302590405,206,,1.0,0,9936,2881,7055,12092.0,71.00442834138487,58.69902912621359
729,FI-70,FruitCatching-38,17,False,20,27.32334566683664,167,,11.0,23,8064,2382,5682,12088.0,70.46130952380952,796.2155688622755
730,FI-70,FruitCatching-39,14,False,15,25.108464577552667,192,,5.0,10,9264,2705,6559,12081.0,70.80094991364422,314.609375
732,FI-70,FruitCatching-40,20,False,21,25.184156090118247,160,,5.0,0,7728,2602,5126,12059.0,66.33022774327122,376.84375
733,FI-70,FruitCatching-41,16,False,16,23.64219576719576,145,,,0,7008,2303,4705,12125.0,67.13755707762557,
734,FI-70,FruitCatching-5,1,False,2,21.166264415615323,207,,52.0,14,9984,2968,7016,12096.0,70.2724358974359,3038.608695652174
735,FI-70,FruitCatching-6,19,False,20,26.559717284638637,98,,23.0,0,4752,1425,3327,10785.0,70.01262626262627,2531.173469387755
736,FI-70,FruitCatching-7,5,False,13,28.874763399915523,171,,1.0,65,8256,2318,5938,12083.0,71.9234496124031,70.66081871345028
737,FI-70,FruitCatching-8,2,False,4,22.03094088229295,189,,1.0,149,9120,2566,6554,12043.0,71.8640350877193,63.719576719576715
738,FI-70,FruitCatching-9,8,False,12,25.32342622124592,184,,4.0,10,8880,2545,6335,12051.0,71.34009009009009,261.9782608695652
739,TO-50,FruitCatching-1,1,False,16,23.105108276218026,157,,7.0,102,7584,3966,3618,12109.0,47.70569620253164,539.8917197452229
740,TO-50,FruitCatching-10,2,False,13,21.66111111111111,198,,6.0,36,9552,4953,4599,12046.0,48.14698492462311,365.03030303030306
741,TO-50,FruitCatching-11,12,False,14,23.701936057106,136,,6.0,6,6576,3339,3237,12093.0,49.22445255474452,533.5147058823529
742,TO-50,FruitCatching-12,0,False,2,16.0,111,,1.0,11,5376,2640,2736,7298.0,50.89285714285714,65.74774774774775
743,TO-50,FruitCatching-13,1,False,8,17.32857142857143,115,,15.0,15,5568,2949,2619,7605.0,47.036637931034484,991.9565217391304
744,TO-50,FruitCatching-14,22,False,22,25.977272727272727,100,,,0,4848,2540,2308,9207.0,47.60726072607261,
745,TO-50,FruitCatching-15,21,False,22,26.217017297802716,118,,1.0,0,5712,3024,2688,10434.0,47.05882352941176,88.42372881355932
746,TO-50,FruitCatching-16,7,False,25,27.1,101,,1.0,0,4896,2536,2360,6651.0,48.20261437908497,65.85148514851485
747,TO-50,FruitCatching-17,3,False,13,24.0,192,,1.0,30,9264,4479,4785,12043.0,51.651554404145074,62.72395833333333
748,TO-50,FruitCatching-18,9,False,22,25.863893812377874,121,,1.0,2,5856,3034,2822,12133.0,48.189890710382514,100.27272727272728
749,TO-50,FruitCatching-19,18,False,19,25.071028810896248,100,,1.0,0,4848,2536,2312,8362.0,47.68976897689769,83.62
750,TO-50,FruitCatching-2,12,False,17,23.813493215380007,114,,1.0,0,5520,2863,2657,12055.0,48.13405797101449,105.74561403508771
751,TO-50,FruitCatching-20,20,False,20,25.46785714285714,112,,,0,5424,2927,2497,12092.0,46.03613569321534,
752,TO-50,FruitCatching-21,18,False,23,26.05812324929972,125,,1.0,0,6048,3131,2917,12074.0,48.23082010582011,96.592
753,TO-50,FruitCatching-22,5,False,18,24.506932773109245,148,,1.0,6,7152,3686,3466,12042.0,48.461968680089484,81.36486486486487
754,TO-50,FruitCatching-23,5,False,16,23.54602864357438,177,,1.0,33,8544,4393,4151,12065.0,48.583801498127336,68.1638418079096
755,TO-50,FruitCatching-24,17,False,18,24.17069397314952,118,,65.0,0,5712,2926,2786,12079.0,48.77450980392157,6653.686440677966
756,TO-50,FruitCatching-25,2,False,17,23.71338716147591,179,,1.0,51,8640,4338,4302,12105.0,49.791666666666664,67.62569832402235
757,TO-50,FruitCatching-26,16,False,17,24.04832911586535,205,,1.0,0,9888,5095,4793,12065.0,48.472896440129446,58.853658536585364
758,TO-50,FruitCatching-27,17,False,19,24.28268210449184,171,,1.0,0,8256,4252,4004,12120.0,48.498062015503876,70.87719298245614
759,TO-50,FruitCatching-28,26,False,26,27.504761904761907,124,,,0,6000,3184,2816,12100.0,46.93333333333333,
760,TO-50,FruitCatching-29,21,False,22,25.952272727272728,148,,68.0,0,7152,3668,3484,12048.0,48.713646532438474,5535.5675675675675
761,TO-50,FruitCatching-3,12,False,17,24.202729873615205,151,,1.0,0,7296,3780,3516,12050.0,48.19078947368421,79.80132450331126
762,TO-50,FruitCatching-30,13,False,16,24.0,156,,1.0,14,7536,3747,3789,10546.0,50.27866242038217,67.6025641025641
763,TO-50,FruitCatching-31,15,False,17,24.1206893397891,114,,1.0,0,5520,2923,2597,10693.0,47.04710144927537,93.79824561403508
764,TO-50,FruitCatching-32,22,False,23,25.71170594178808,101,,1.0,0,4896,2545,2351,6867.0,48.0187908496732,67.99009900990099
765,TO-50,FruitCatching-33,17,False,18,24.40079365079365,112,,2.0,0,5424,2863,2561,12098.0,47.216076696165196,216.03571428571428
766,TO-50,FruitCatching-34,24,False,24,26.228921270997773,100,,,0,4848,2518,2330,6514.0,48.06105610561056,
767,TO-50,FruitCatching-35,23,False,23,26.152380952380955,120,,,0,5808,2983,2825,7980.0,48.63980716253444,
768,TO-50,FruitCatching-36,4,False,15,22.560060690943047,173,,1.0,18,8352,4393,3959,12078.0,47.40181992337165,69.8150289017341
769,TO-50,FruitCatching-37,17,False,19,24.59570123649408,226,,1.0,0,10896,5749,5147,12103.0,47.23751835535977,53.55309734513274
770,TO-50,FruitCatching-38,17,False,18,25.0,119,,10.0,0,5760,2958,2802,12078.0,48.645833333333336,1014.9579831932774
771,TO-50,FruitCatching-39,14,False,17,23.60962266899767,125,,20.0,0,6048,3124,2924,12132.0,48.34656084656085,1941.1200000000001
772,TO-50,FruitCatching-4,20,False,21,25.36393298059965,158,,18.0,0,7632,4005,3627,12044.0,47.52358490566038,1372.1012658227849
773,TO-50,FruitCatching-40,20,False,21,25.184744268077605,144,,1.0,0,6960,3589,3371,10906.0,48.433908045977006,75.7361111111111
774,TO-50,FruitCatching-41,16,False,18,24.210714285714285,70,,4.0,0,3408,1837,1571,12115.0,46.097417840375584,692.2857142857142
775,TO-50,FruitCatching-5,1,False,6,23.0,213,,76.0,105,10272,5075,5197,12091.0,50.59384735202492,4314.159624413145
776,TO-50,FruitCatching-6,19,False,21,25.985064935064933,142,,9.0,0,6864,3559,3305,8292.0,48.1497668997669,525.5492957746479
777,TO-50,FruitCatching-7,5,False,18,24.118005952380955,153,,5.0,39,7392,3880,3512,12048.0,47.51082251082251,393.72549019607845
778,TO-50,FruitCatching-8,2,False,7,16.736251167133513,187,,10.0,10,9024,4644,4380,12049.0,48.53723404255319,644.3315508021391
779,TO-50,FruitCatching-9,8,False,10,20.184833169289416,176,,1.0,0,8496,4386,4110,12075.0,48.37570621468927,68.60795454545455
780,TO-70,FruitCatching-1,1,False,2,19.0,145,,109.0,28,7008,2041,4967,7458.0,70.87614155251141,5606.358620689654
781,TO-70,FruitCatching-10,2,False,12,20.787011824464983,200,,8.0,26,9648,3161,6487,12044.0,67.23673300165838,481.76
782,TO-70,FruitCatching-11,12,False,18,23.439969215947983,177,,1.0,0,8544,2829,5715,12046.0,66.88904494382022,68.05649717514125
783,TO-70,FruitCatching-12,0,False,2,16.0,181,,1.0,19,8736,2548,6188,11413.0,70.83333333333334,63.055248618784525
784,TO-70,FruitCatching-13,1,False,9,16.735714285714284,191,,6.0,9,9216,3040,6176,12077.0,67.01388888888889,379.38219895287955
785,TO-70,FruitCatching-14,22,False,24,26.227272727272727,174,,87.0,0,8400,2774,5626,12109.0,66.97619047619048,6054.5
786,TO-70,FruitCatching-15,21,False,21,26.291223647009065,163,,,0,7872,2614,5258,11667.0,66.79369918699187,
787,TO-70,FruitCatching-16,7,False,23,26.1,101,,1.0,0,4896,1639,3257,6758.0,66.52369281045752,66.91089108910892
788,TO-70,FruitCatching-17,3,False,15,23.257260852573356,176,,9.0,7,8496,2668,5828,12104.0,68.5969868173258,618.9545454545455
789,TO-70,FruitCatching-18,9,False,16,25.0,174,,1.0,3,8400,2527,5873,12056.0,69.91666666666667,69.28735632183908
790,TO-70,FruitCatching-19,18,False,19,25.319426626757508,174,,1.0,0,8400,2779,5621,12108.0,66.91666666666667,69.58620689655173
791,TO-70,FruitCatching-2,12,False,18,23.74578066027249,168,,1.0,0,8112,2750,5362,12090.0,66.09960552268245,71.96428571428571
792,TO-70,FruitCatching-20,20,False,20,25.348809523809525,101,,,0,4896,1612,3284,7592.0,67.07516339869281,
793,TO-70,FruitCatching-21,18,False,21,25.587698412698412,105,,1.0,0,5088,1636,3452,7458.0,67.84591194968553,71.02857142857144
794,TO-70,FruitCatching-22,5,False,16,23.673758717353877,193,,1.0,21,9312,2921,6391,12061.0,68.63187285223368,62.49222797927462
795,TO-70,FruitCatching-23,5,False,10,20.342546892786743,104,,1.0,0,5040,1576,3464,7435.0,68.73015873015873,71.49038461538461
796,TO-70,FruitCatching-24,17,False,21,24.855386519605588,174,,17.0,0,8400,2761,5639,12060.0,67.13095238095238,1178.2758620689656
797,TO-70,FruitCatching-25,2,False,15,24.0,215,,1.0,22,10368,2979,7389,11959.0,71.26736111111111,55.623255813953485
798,TO-70,FruitCatching-26,16,False,19,24.625831461699885,196,,1.0,0,9456,3132,6324,12071.0,66.87817258883248,61.586734693877546
799,TO-70,FruitCatching-27,17,False,19,24.23294036148795,134,,17.0,0,6480,2041,4439,9453.0,68.50308641975309,1199.2611940298507
800,TO-70,FruitCatching-28,26,False,26,27.883333333333333,163,,,0,7872,2589,5283,12124.0,67.11128048780488,
801,TO-70,FruitCatching-29,21,False,22,25.952272727272728,174,,48.0,0,8400,2781,5619,11556.0,66.89285714285714,3187.862068965517
802,TO-70,FruitCatching-3,12,False,21,24.86666666666667,213,,1.0,0,10272,3377,6895,12086.0,67.12422118380063,56.74178403755869
803,TO-70,FruitCatching-30,13,False,16,25.0,138,,1.0,21,6672,1878,4794,9536.0,71.85251798561151,69.10144927536231
804,TO-70,FruitCatching-31,15,False,17,24.02584073177293,152,,1.0,0,7344,2450,4894,10709.0,66.63943355119825,70.45394736842105
805,TO-70,FruitCatching-32,22,False,24,26.04503927512141,186,,1.0,0,8976,2957,6019,10968.0,67.05659536541889,58.96774193548388
806,TO-70,FruitCatching-33,17,False,21,25.682583774250443,143,,7.0,0,6912,2266,4646,12051.0,67.21643518518519,589.9090909090909
807,TO-70,FruitCatching-34,24,False,24,26.244353369763207,184,,,0,8880,2865,6015,7358.0,67.73648648648648,
808,TO-70,FruitCatching-35,23,False,23,26.152380952380955,100,,,0,4848,1651,3197,5134.0,65.9447194719472,
809,TO-70,FruitCatching-36,4,False,12,21.709780107329124,171,,1.0,4,8256,2749,5507,9246.0,66.70300387596899,54.070175438596486
810,TO-70,FruitCatching-37,17,False,21,25.222429712625797,342,,30.0,0,16464,5350,11114,9585.0,67.50485908649175,840.7894736842105
811,TO-70,FruitCatching-38,17,False,18,25.0,159,,4.0,0,7680,2390,5290,5665.0,68.88020833333334,142.51572327044025
812,TO-70,FruitCatching-39,14,False,17,23.356031198739533,186,,1.0,0,8976,2925,6051,12152.0,67.41310160427807,65.33333333333334
813,TO-70,FruitCatching-4,20,False,21,25.15714285714286,169,,69.0,0,8160,2697,5463,7133.0,66.9485294117647,2912.289940828402
814,TO-70,FruitCatching-40,20,False,21,25.09902998236332,100,,1.0,0,4848,1601,3247,6905.0,66.97607260726073,69.05
815,TO-70,FruitCatching-41,16,False,17,23.82738095238095,143,,90.0,0,6912,2282,4630,12088.0,66.98495370370371,7607.832167832168
816,TO-70,FruitCatching-5,1,False,13,19.5646595828414,241,,55.0,85,11616,3860,7756,11119.0,66.76997245179064,2537.53112033195
817,TO-70,FruitCatching-6,19,False,21,26.4064935064935,207,,36.0,0,9984,3244,6740,12152.0,67.50801282051282,2113.391304347826
818,TO-70,FruitCatching-7,5,False,18,24.26370897228949,433,,4.0,258,20832,6966,13866,12043.0,66.56105990783409,111.25173210161662
819,TO-70,FruitCatching-8,2,False,9,18.345378151260505,195,,3.0,12,9408,3144,6264,11073.0,66.58163265306123,170.35384615384618
820,TO-70,FruitCatching-9,8,False,18,24.293650793650794,234,,16.0,55,11280,3610,7670,12083.0,67.99645390070921,826.1880341880343
